
> alochito-songbad-frontend@0.1.0 start
> ng serve --host 127.0.0.1 --port 4200

[33m❯[39m Building...
[32m✔[39m Building...
[1mInitial chunk files[22m[2m | [22m[1mNames[22m                       [2m | [22m [1mRaw size[22m
[32mmain.js[39m            [2m | [22m[2mmain[22m                        [2m | [22m [36m15.30 kB[39m[2m | [22m
[32mstyles.css[39m         [2m | [22m[2mstyles[22m                      [2m | [22m[36m580 bytes[39m[2m | [22m
[32mpolyfills.js[39m       [2m | [22m[2mpolyfills[22m                   [2m | [22m [36m95 bytes[39m[2m | [22m

[1m [22m                  [2m | [22m[1mInitial total[22m               [2m | [22m [1m15.97 kB[22m

[1mLazy chunk files[22m   [2m | [22m[1mNames[22m                       [2m | [22m [1mRaw size[22m
[32mchunk-AAKLJZMI.js[39m  [2m | [22m[2mhome-component[22m              [2m | [22m [36m39.13 kB[39m[2m | [22m
[32mchunk-UDAYKMAU.js[39m  [2m | [22m[2madmin-layout-component[22m      [2m | [22m [36m29.03 kB[39m[2m | [22m
[32mchunk-NDKQUF4Z.js[39m  [2m | [22m[2mnews-detail-component[22m       [2m | [22m [36m15.12 kB[39m[2m | [22m
[32mchunk-KZOKP4NG.js[39m  [2m | [22m[2mnews-management-component[22m   [2m | [22m [36m12.27 kB[39m[2m | [22m
[32mchunk-HWIMEZFQ.js[39m  [2m | [22m[2mnews-list-component[22m         [2m | [22m [36m12.24 kB[39m[2m | [22m
[32mchunk-YK33VUXP.js[39m  [2m | [22m[2mdashboard-component[22m         [2m | [22m [36m11.94 kB[39m[2m | [22m
[32mchunk-ZUY2K2EK.js[39m  [2m | [22m[2mhomepage-customize-component[22m[2m | [22m [36m10.26 kB[39m[2m | [22m
[32mchunk-CBJEGH2M.js[39m  [2m | [22m[2mnews-form-component[22m         [2m | [22m  [36m9.95 kB[39m[2m | [22m
[32mchunk-TUFHETBH.js[39m  [2m | [22m[2mteam-component[22m              [2m | [22m  [36m7.93 kB[39m[2m | [22m
[32mchunk-N7SR4JEN.js[39m  [2m | [22m[2mcategories-component[22m        [2m | [22m  [36m7.77 kB[39m[2m | [22m
[32mchunk-EUBAWXTI.js[39m  [2m | [22m[2mwebsite-info-component[22m      [2m | [22m  [36m5.90 kB[39m[2m | [22m
[32mchunk-FZD2I7GK.js[39m  [2m | [22m[2mnot-found-component[22m         [2m | [22m  [36m2.36 kB[39m[2m | [22m

Application bundle generation complete. [2.736 seconds] - 2026-04-30T09:58:27.484Z

Watch mode enabled. Watching for file changes...
NOTE: Raw file sizes do not reflect development server per-request transformations.
[2m3:58:28 PM[22m [36m[1m[vite][22m[39m [90m[2m(client)[22m[39m Re-optimizing dependencies because vite config has changed
  [32m➜[39m  [1mLocal[22m:   [36mhttp://127.0.0.1:[1m4200[22m/[39m
[33m❯[39m Changes detected. Rebuilding...
[32m✔[39m Changes detected. Rebuilding...
[1mInitial chunk files[22m[2m | [22m[1mNames[22m                    [2m | [22m[1mRaw size[22m
[32mmain.js[39m            [2m | [22m[2mmain[22m                     [2m | [22m[36m15.30 kB[39m[2m | [22m

[1mLazy chunk files[22m   [2m | [22m[1mNames[22m                    [2m | [22m[1mRaw size[22m
[32mchunk-CYUWH6BG.js[39m  [2m | [22m[2madmin-layout-component[22m   [2m | [22m[36m31.43 kB[39m[2m | [22m
[32mchunk-BZOT42VA.js[39m  [2m | [22m[2mnews-management-component[22m[2m | [22m[36m17.08 kB[39m[2m | [22m
[32mchunk-TUSX5DRH.js[39m  [2m | [22m[2mdashboard-component[22m      [2m | [22m[36m16.25 kB[39m[2m | [22m

Application bundle generation complete. [0.899 seconds] - 2026-04-30T10:05:04.642Z

Component update sent to client(s).
[33m❯[39m Changes detected. Rebuilding...
[32m✔[39m Changes detected. Rebuilding...
[1mInitial chunk files[22m[2m | [22m[1mNames[22m                       [2m | [22m[1mRaw size[22m
[32mmain.js[39m            [2m | [22m[2mmain[22m                        [2m | [22m[36m15.30 kB[39m[2m | [22m

[1mLazy chunk files[22m   [2m | [22m[1mNames[22m                       [2m | [22m[1mRaw size[22m
[32mchunk-7Z76KC7N.js[39m  [2m | [22m[2mnews-form-component[22m         [2m | [22m[36m15.35 kB[39m[2m | [22m
[32mchunk-GDNHUM4G.js[39m  [2m | [22m[2mhomepage-customize-component[22m[2m | [22m[36m10.80 kB[39m[2m | [22m
[32mchunk-DXSOJS6R.js[39m  [2m | [22m[2mwebsite-info-component[22m      [2m | [22m [36m9.97 kB[39m[2m | [22m

Application bundle generation complete. [0.567 seconds] - 2026-04-30T10:05:50.412Z

Component update sent to client(s).
[33m❯[39m Changes detected. Rebuilding...
[32m✔[39m Changes detected. Rebuilding...
[1mInitial chunk files[22m[2m | [22m[1mNames[22m                 [2m | [22m[1mRaw size[22m
[32mmain.js[39m            [2m | [22m[2mmain[22m                  [2m | [22m[36m15.30 kB[39m[2m | [22m

[1mLazy chunk files[22m   [2m | [22m[1mNames[22m                 [2m | [22m[1mRaw size[22m
[32mchunk-HUX4WKUR.js[39m  [2m | [22m[2madmin-layout-component[22m[2m | [22m[36m41.10 kB[39m[2m | [22m

Application bundle generation complete. [0.234 seconds] - 2026-04-30T10:06:48.860Z

Component update sent to client(s).
[33m❯[39m Changes detected. Rebuilding...
[32m✔[39m Changes detected. Rebuilding...
[1mInitial chunk files[22m[2m | [22m[1mNames[22m                       [2m | [22m[1mRaw size[22m
[32mmain.js[39m            [2m | [22m[2mmain[22m                        [2m | [22m[36m15.30 kB[39m[2m | [22m

[1mLazy chunk files[22m   [2m | [22m[1mNames[22m                       [2m | [22m[1mRaw size[22m
[32mchunk-QEIVMMDK.js[39m  [2m | [22m[2mhomepage-customize-component[22m[2m | [22m[36m10.70 kB[39m[2m | [22m

Application bundle generation complete. [0.211 seconds] - 2026-04-30T10:07:09.534Z

Page reload sent to client(s).
[33m❯[39m Changes detected. Rebuilding...
[32m✔[39m Changes detected. Rebuilding...
[1mInitial chunk files[22m[2m | [22m[1mNames[22m                       [2m | [22m [1mRaw size[22m
[32mmain.js[39m            [2m | [22m[2mmain[22m                        [2m | [22m [36m15.33 kB[39m[2m | [22m
[32mchunk-PZ5AY32C.js[39m  [2m | [22m[2m-[22m                           [2m | [22m[36m234 bytes[39m[2m | [22m

[1mLazy chunk files[22m   [2m | [22m[1mNames[22m                       [2m | [22m [1mRaw size[22m
[32mchunk-TVFAXJRU.js[39m  [2m | [22m[2madmin-layout-component[22m      [2m | [22m [36m60.37 kB[39m[2m | [22m
[32mchunk-KGMU56QF.js[39m  [2m | [22m[2mhome-component[22m              [2m | [22m [36m39.16 kB[39m[2m | [22m
[32mchunk-EBQQVR63.js[39m  [2m | [22m[2mnews-management-component[22m   [2m | [22m [36m17.11 kB[39m[2m | [22m
[32mchunk-TRSZWKSN.js[39m  [2m | [22m[2mdashboard-component[22m         [2m | [22m [36m16.28 kB[39m[2m | [22m
[32mchunk-ABJ5N6ON.js[39m  [2m | [22m[2mnews-form-component[22m         [2m | [22m [36m15.38 kB[39m[2m | [22m
[32mchunk-7YO66TDV.js[39m  [2m | [22m[2mnews-detail-component[22m       [2m | [22m [36m15.15 kB[39m[2m | [22m
[32mchunk-BHBI7MUC.js[39m  [2m | [22m[2mnews-list-component[22m         [2m | [22m [36m12.28 kB[39m[2m | [22m
[32mchunk-Q4ILHJA3.js[39m  [2m | [22m[2mhomepage-customize-component[22m[2m | [22m [36m10.73 kB[39m[2m | [22m
[32mchunk-O5WWAM5Y.js[39m  [2m | [22m[2mwebsite-info-component[22m      [2m | [22m [36m10.00 kB[39m[2m | [22m
[32mchunk-J6YFNETB.js[39m  [2m | [22m[2mteam-component[22m              [2m | [22m  [36m7.96 kB[39m[2m | [22m
[32mchunk-ZEGCXB4P.js[39m  [2m | [22m[2mcategories-component[22m        [2m | [22m  [36m7.80 kB[39m[2m | [22m
[32mchunk-UZFZ72D5.js[39m  [2m | [22m[2mnot-found-component[22m         [2m | [22m  [36m2.39 kB[39m[2m | [22m

Application bundle generation complete. [0.594 seconds] - 2026-04-30T10:43:10.733Z

Page reload sent to client(s).
[33m❯[39m Changes detected. Rebuilding...
[32m✔[39m Changes detected. Rebuilding...
[1mInitial chunk files[22m[2m | [22m[1mNames[22m                       [2m | [22m[1mRaw size[22m
[32mmain.js[39m            [2m | [22m[2mmain[22m                        [2m | [22m[36m15.33 kB[39m[2m | [22m

[1mLazy chunk files[22m   [2m | [22m[1mNames[22m                       [2m | [22m[1mRaw size[22m
[32mchunk-R35G276A.js[39m  [2m | [22m[2madmin-layout-component[22m      [2m | [22m[36m42.45 kB[39m[2m | [22m
[32mchunk-SNEBPWSF.js[39m  [2m | [22m[2m-[22m                           [2m | [22m[36m17.96 kB[39m[2m | [22m
[32mchunk-O23BJB5L.js[39m  [2m | [22m[2mnews-management-component[22m   [2m | [22m[36m17.44 kB[39m[2m | [22m
[32mchunk-V4RYO7RW.js[39m  [2m | [22m[2mdashboard-component[22m         [2m | [22m[36m16.61 kB[39m[2m | [22m
[32mchunk-NFHWHRH5.js[39m  [2m | [22m[2mnews-form-component[22m         [2m | [22m[36m15.53 kB[39m[2m | [22m
[32mchunk-4F7TKMV6.js[39m  [2m | [22m[2mhomepage-customize-component[22m[2m | [22m[36m11.06 kB[39m[2m | [22m
[32mchunk-PRI3ES6U.js[39m  [2m | [22m[2mwebsite-info-component[22m      [2m | [22m[36m10.33 kB[39m[2m | [22m
[32mchunk-QPLIVHAM.js[39m  [2m | [22m[2mteam-component[22m              [2m | [22m [36m8.29 kB[39m[2m | [22m
[32mchunk-LEPGYCJM.js[39m  [2m | [22m[2mcategories-component[22m        [2m | [22m [36m8.13 kB[39m[2m | [22m

Application bundle generation complete. [0.724 seconds] - 2026-04-30T10:43:32.237Z

Page reload sent to client(s).
[33m❯[39m Changes detected. Rebuilding...
[32m✔[39m Changes detected. Rebuilding...
[1mInitial chunk files[22m[2m | [22m[1mNames[22m                    [2m | [22m[1mRaw size[22m
[32mmain.js[39m            [2m | [22m[2mmain[22m                     [2m | [22m[36m15.33 kB[39m[2m | [22m

[1mLazy chunk files[22m   [2m | [22m[1mNames[22m                    [2m | [22m[1mRaw size[22m
[32mchunk-7PF2LWMM.js[39m  [2m | [22m[2mnews-management-component[22m[2m | [22m[36m17.04 kB[39m[2m | [22m
[32mchunk-PTXSMWJQ.js[39m  [2m | [22m[2mdashboard-component[22m      [2m | [22m[36m15.06 kB[39m[2m | [22m

Application bundle generation complete. [0.327 seconds] - 2026-04-30T10:44:10.089Z

Component update sent to client(s).
[33m❯[39m Changes detected. Rebuilding...
[32m✔[39m Changes detected. Rebuilding...
[1mInitial chunk files[22m[2m | [22m[1mNames[22m               [2m | [22m[1mRaw size[22m
[32mmain.js[39m            [2m | [22m[2mmain[22m                [2m | [22m[36m15.33 kB[39m[2m | [22m

[1mLazy chunk files[22m   [2m | [22m[1mNames[22m               [2m | [22m[1mRaw size[22m
[32mchunk-GCVWLSCG.js[39m  [2m | [22m[2mnews-form-component[22m [2m | [22m[36m12.16 kB[39m[2m | [22m
[32mchunk-XALD7FBR.js[39m  [2m | [22m[2mteam-component[22m      [2m | [22m [36m8.12 kB[39m[2m | [22m
[32mchunk-GHU5MVXQ.js[39m  [2m | [22m[2mcategories-component[22m[2m | [22m [36m7.78 kB[39m[2m | [22m

Application bundle generation complete. [0.349 seconds] - 2026-04-30T10:44:44.303Z

Component update sent to client(s).
[33m❯[39m Changes detected. Rebuilding...
[32m✔[39m Changes detected. Rebuilding...
[1mInitial chunk files[22m[2m | [22m[1mNames[22m                       [2m | [22m[1mRaw size[22m
[32mmain.js[39m            [2m | [22m[2mmain[22m                        [2m | [22m[36m15.33 kB[39m[2m | [22m

[1mLazy chunk files[22m   [2m | [22m[1mNames[22m                       [2m | [22m[1mRaw size[22m
[32mchunk-6EN33RRR.js[39m  [2m | [22m[2madmin-layout-component[22m      [2m | [22m[36m43.48 kB[39m[2m | [22m
[32mchunk-SKK5WJRA.js[39m  [2m | [22m[2mhomepage-customize-component[22m[2m | [22m[36m10.59 kB[39m[2m | [22m
[32mchunk-W2ISXETT.js[39m  [2m | [22m[2mwebsite-info-component[22m      [2m | [22m [36m8.82 kB[39m[2m | [22m

Application bundle generation complete. [0.677 seconds] - 2026-04-30T10:45:11.712Z

Component update sent to client(s).
[33m❯[39m Changes detected. Rebuilding...
[32m✔[39m Changes detected. Rebuilding...
Application bundle generation failed. [0.512 seconds] - 2026-04-30T11:02:27.192Z

[33m❯[39m Changes detected. Rebuilding...
[32m✔[39m Changes detected. Rebuilding...
Application bundle generation failed. [1.370 seconds] - 2026-04-30T11:02:52.380Z

[33m❯[39m Changes detected. Rebuilding...
[32m✔[39m Changes detected. Rebuilding...
Application bundle generation failed. [0.404 seconds] - 2026-04-30T11:03:01.072Z

[33m❯[39m Changes detected. Rebuilding...
[32m✔[39m Changes detected. Rebuilding...
[1mInitial chunk files[22m[2m | [22m[1mNames[22m                       [2m | [22m [1mRaw size[22m
[32mmain.js[39m            [2m | [22m[2mmain[22m                        [2m | [22m [36m15.33 kB[39m[2m | [22m
[32mchunk-CZJLB7T5.js[39m  [2m | [22m[2m-[22m                           [2m | [22m  [36m1.08 kB[39m[2m | [22m
[32mstyles.css[39m         [2m | [22m[2mstyles[22m                      [2m | [22m[36m580 bytes[39m[2m | [22m
[32mpolyfills.js[39m       [2m | [22m[2mpolyfills[22m                   [2m | [22m [36m95 bytes[39m[2m | [22m

[1m [22m                  [2m | [22m[1mInitial total[22m               [2m | [22m [1m17.08 kB[22m

[1mLazy chunk files[22m   [2m | [22m[1mNames[22m                       [2m | [22m [1mRaw size[22m
[32mchunk-7S3EPO2T.js[39m  [2m | [22m[2madmin-layout-component[22m      [2m | [22m [36m43.60 kB[39m[2m | [22m
[32mchunk-TNVH5MFJ.js[39m  [2m | [22m[2mhome-component[22m              [2m | [22m [36m39.16 kB[39m[2m | [22m
[32mchunk-SP6XQHDS.js[39m  [2m | [22m[2m-[22m                           [2m | [22m [36m17.96 kB[39m[2m | [22m
[32mchunk-QLH6NNWN.js[39m  [2m | [22m[2mnews-form-component[22m         [2m | [22m [36m17.90 kB[39m[2m | [22m
[32mchunk-YKOALWGB.js[39m  [2m | [22m[2mnews-detail-component[22m       [2m | [22m [36m15.15 kB[39m[2m | [22m
[32mchunk-EFJGH6PU.js[39m  [2m | [22m[2mdashboard-component[22m         [2m | [22m [36m15.06 kB[39m[2m | [22m
[32mchunk-DUONLT6T.js[39m  [2m | [22m[2mnews-management-component[22m   [2m | [22m [36m13.60 kB[39m[2m | [22m
[32mchunk-AUEEFPCD.js[39m  [2m | [22m[2mnews-list-component[22m         [2m | [22m [36m12.28 kB[39m[2m | [22m
[32mchunk-2DDYKX7B.js[39m  [2m | [22m[2mhomepage-customize-component[22m[2m | [22m [36m10.59 kB[39m[2m | [22m
[32mchunk-PJ6K3FIT.js[39m  [2m | [22m[2mwebsite-info-component[22m      [2m | [22m  [36m8.82 kB[39m[2m | [22m
[32mchunk-AKZB4VXM.js[39m  [2m | [22m[2mteam-component[22m              [2m | [22m  [36m8.12 kB[39m[2m | [22m
[32mchunk-N7SXPTU4.js[39m  [2m | [22m[2mcategories-component[22m        [2m | [22m  [36m7.78 kB[39m[2m | [22m
[32mchunk-6KNNSMAR.js[39m  [2m | [22m[2m-[22m                           [2m | [22m  [36m4.49 kB[39m[2m | [22m
[32mchunk-FBAU33DY.js[39m  [2m | [22m[2mnot-found-component[22m         [2m | [22m  [36m2.39 kB[39m[2m | [22m

Application bundle generation complete. [0.261 seconds] - 2026-04-30T11:03:18.661Z

Page reload sent to client(s).
[33m❯[39m Changes detected. Rebuilding...
[32m✔[39m Changes detected. Rebuilding...
Application bundle generation failed. [0.330 seconds] - 2026-04-30T11:06:59.849Z

[33m❯[39m Changes detected. Rebuilding...
[32m✔[39m Changes detected. Rebuilding...
Application bundle generation failed. [0.571 seconds] - 2026-04-30T11:07:31.215Z

[33m❯[39m Changes detected. Rebuilding...
[32m✔[39m Changes detected. Rebuilding...
Application bundle generation failed. [0.451 seconds] - 2026-04-30T11:07:43.170Z

[33m❯[39m Changes detected. Rebuilding...
[32m✔[39m Changes detected. Rebuilding...
[1mInitial chunk files[22m[2m | [22m[1mNames[22m                       [2m | [22m [1mRaw size[22m
[32mmain.js[39m            [2m | [22m[2mmain[22m                        [2m | [22m [36m15.33 kB[39m[2m | [22m
[32mchunk-CZJLB7T5.js[39m  [2m | [22m[2m-[22m                           [2m | [22m  [36m1.08 kB[39m[2m | [22m
[32mstyles.css[39m         [2m | [22m[2mstyles[22m                      [2m | [22m[36m580 bytes[39m[2m | [22m
[32mpolyfills.js[39m       [2m | [22m[2mpolyfills[22m                   [2m | [22m [36m95 bytes[39m[2m | [22m

[1m [22m                  [2m | [22m[1mInitial total[22m               [2m | [22m [1m17.08 kB[22m

[1mLazy chunk files[22m   [2m | [22m[1mNames[22m                       [2m | [22m [1mRaw size[22m
[32mchunk-7S3EPO2T.js[39m  [2m | [22m[2madmin-layout-component[22m      [2m | [22m [36m43.60 kB[39m[2m | [22m
[32mchunk-TNVH5MFJ.js[39m  [2m | [22m[2mhome-component[22m              [2m | [22m [36m39.16 kB[39m[2m | [22m
[32mchunk-YPZVIZYJ.js[39m  [2m | [22m[2mteam-component[22m              [2m | [22m [36m19.68 kB[39m[2m | [22m
[32mchunk-SP6XQHDS.js[39m  [2m | [22m[2m-[22m                           [2m | [22m [36m17.96 kB[39m[2m | [22m
[32mchunk-ELO5M5XC.js[39m  [2m | [22m[2mnews-form-component[22m         [2m | [22m [36m17.14 kB[39m[2m | [22m
[32mchunk-YKOALWGB.js[39m  [2m | [22m[2mnews-detail-component[22m       [2m | [22m [36m15.15 kB[39m[2m | [22m
[32mchunk-FGMMK3GC.js[39m  [2m | [22m[2mcategories-component[22m        [2m | [22m [36m15.09 kB[39m[2m | [22m
[32mchunk-EFJGH6PU.js[39m  [2m | [22m[2mdashboard-component[22m         [2m | [22m [36m15.06 kB[39m[2m | [22m
[32mchunk-DUONLT6T.js[39m  [2m | [22m[2mnews-management-component[22m   [2m | [22m [36m13.60 kB[39m[2m | [22m
[32mchunk-AUEEFPCD.js[39m  [2m | [22m[2mnews-list-component[22m         [2m | [22m [36m12.28 kB[39m[2m | [22m
[32mchunk-2DDYKX7B.js[39m  [2m | [22m[2mhomepage-customize-component[22m[2m | [22m [36m10.59 kB[39m[2m | [22m
[32mchunk-PJ6K3FIT.js[39m  [2m | [22m[2mwebsite-info-component[22m      [2m | [22m  [36m8.82 kB[39m[2m | [22m
[32mchunk-6KNNSMAR.js[39m  [2m | [22m[2m-[22m                           [2m | [22m  [36m4.49 kB[39m[2m | [22m
[32mchunk-Z36JHDTT.js[39m  [2m | [22m[2m-[22m                           [2m | [22m  [36m2.50 kB[39m[2m | [22m
[32mchunk-FBAU33DY.js[39m  [2m | [22m[2mnot-found-component[22m         [2m | [22m  [36m2.39 kB[39m[2m | [22m

Application bundle generation complete. [0.578 seconds] - 2026-04-30T11:08:05.006Z

Page reload sent to client(s).
[2m5:08:06 PM[22m [36m[1m[vite][22m[39m [90m[2m(client)[22m[39m [32m✨ new dependencies optimized: [33m@angular/forms[32m[39m
[2m5:08:06 PM[22m [36m[1m[vite][22m[39m [90m[2m(client)[22m[39m [32m✨ optimized dependencies changed. reloading[39m
[33m❯[39m Changes detected. Rebuilding...
[32m✔[39m Changes detected. Rebuilding...
[1mInitial chunk files[22m[2m | [22m[1mNames[22m              [2m | [22m[1mRaw size[22m
[32mmain.js[39m            [2m | [22m[2mmain[22m               [2m | [22m[36m15.33 kB[39m[2m | [22m

[1mLazy chunk files[22m   [2m | [22m[1mNames[22m              [2m | [22m[1mRaw size[22m
[32mchunk-P7C2VYE7.js[39m  [2m | [22m[2mdashboard-component[22m[2m | [22m[36m15.15 kB[39m[2m | [22m

Application bundle generation complete. [0.228 seconds] - 2026-04-30T11:17:05.769Z

Page reload sent to client(s).
[33m❯[39m Changes detected. Rebuilding...
[32m✔[39m Changes detected. Rebuilding...
[1mInitial chunk files[22m[2m | [22m[1mNames[22m                 [2m | [22m[1mRaw size[22m
[32mmain.js[39m            [2m | [22m[2mmain[22m                  [2m | [22m[36m15.33 kB[39m[2m | [22m

[1mLazy chunk files[22m   [2m | [22m[1mNames[22m                 [2m | [22m[1mRaw size[22m
[32mchunk-R6IHUE5E.js[39m  [2m | [22m[2madmin-layout-component[22m[2m | [22m[36m44.77 kB[39m[2m | [22m
[32mchunk-J5RQGUF3.js[39m  [2m | [22m[2mnews-form-component[22m   [2m | [22m[36m17.66 kB[39m[2m | [22m

Application bundle generation complete. [1.520 seconds] - 2026-04-30T11:20:08.387Z

Page reload sent to client(s).
[2m5:21:07 PM[22m [36m[1m[vite][22m[39m [90m[2m(client)[22m[39m [32m✨ new dependencies optimized: [33mngx-quill[32m[39m
[2m5:21:07 PM[22m [36m[1m[vite][22m[39m [90m[2m(client)[22m[39m [32m✨ optimized dependencies changed. reloading[39m
[33m❯[39m Changes detected. Rebuilding...
[32m✔[39m Changes detected. Rebuilding...
[1mInitial chunk files[22m[2m | [22m[1mNames[22m                 [2m | [22m[1mRaw size[22m
[32mstyles.css[39m         [2m | [22m[2mstyles[22m                [2m | [22m[36m28.14 kB[39m[2m | [22m
[32mmain.js[39m            [2m | [22m[2mmain[22m                  [2m | [22m[36m15.33 kB[39m[2m | [22m

[1mLazy chunk files[22m   [2m | [22m[1mNames[22m                 [2m | [22m[1mRaw size[22m
[32mchunk-HF7227I6.js[39m  [2m | [22m[2madmin-layout-component[22m[2m | [22m[36m44.07 kB[39m[2m | [22m

Application bundle generation complete. [0.675 seconds] - 2026-04-30T11:24:41.030Z

Page reload sent to client(s).
[33m❯[39m Changes detected. Rebuilding...
[32m✔[39m Changes detected. Rebuilding...
[1mInitial chunk files[22m[2m | [22m[1mNames[22m              [2m | [22m[1mRaw size[22m
[32mmain.js[39m            [2m | [22m[2mmain[22m               [2m | [22m[36m15.33 kB[39m[2m | [22m

[1mLazy chunk files[22m   [2m | [22m[1mNames[22m              [2m | [22m[1mRaw size[22m
[32mchunk-7AEKLMRH.js[39m  [2m | [22m[2mnews-form-component[22m[2m | [22m[36m17.89 kB[39m[2m | [22m

Application bundle generation complete. [0.452 seconds] - 2026-04-30T11:25:23.361Z

Page reload sent to client(s).
[33m❯[39m Changes detected. Rebuilding...
[32m✔[39m Changes detected. Rebuilding...
[1mInitial chunk files[22m[2m | [22m[1mNames[22m                    [2m | [22m[1mRaw size[22m
[32mmain.js[39m            [2m | [22m[2mmain[22m                     [2m | [22m[36m15.33 kB[39m[2m | [22m

[1mLazy chunk files[22m   [2m | [22m[1mNames[22m                    [2m | [22m[1mRaw size[22m
[32mchunk-TULILV5N.js[39m  [2m | [22m[2mdashboard-component[22m      [2m | [22m[36m15.23 kB[39m[2m | [22m
[32mchunk-AHHCIBGV.js[39m  [2m | [22m[2mnews-management-component[22m[2m | [22m[36m13.70 kB[39m[2m | [22m
[32mchunk-BHIBOYIA.js[39m  [2m | [22m[2mwebsite-info-component[22m   [2m | [22m [36m8.85 kB[39m[2m | [22m

Application bundle generation complete. [0.638 seconds] - 2026-04-30T11:25:34.493Z

Component update sent to client(s).
[33m❯[39m Changes detected. Rebuilding...
[32m✔[39m Changes detected. Rebuilding...
[1mInitial chunk files[22m[2m | [22m[1mNames[22m               [2m | [22m[1mRaw size[22m
[32mmain.js[39m            [2m | [22m[2mmain[22m                [2m | [22m[36m15.33 kB[39m[2m | [22m

[1mLazy chunk files[22m   [2m | [22m[1mNames[22m               [2m | [22m[1mRaw size[22m
[32mchunk-TPQPCVL5.js[39m  [2m | [22m[2mteam-component[22m      [2m | [22m[36m19.80 kB[39m[2m | [22m
[32mchunk-6MKNCPIE.js[39m  [2m | [22m[2mcategories-component[22m[2m | [22m[36m15.21 kB[39m[2m | [22m

Application bundle generation complete. [0.579 seconds] - 2026-04-30T11:25:46.783Z

Component update sent to client(s).
[33m❯[39m Changes detected. Rebuilding...
[32m✔[39m Changes detected. Rebuilding...
[1mInitial chunk files[22m[2m | [22m[1mNames[22m                 [2m | [22m[1mRaw size[22m
[32mmain.js[39m            [2m | [22m[2mmain[22m                  [2m | [22m[36m15.33 kB[39m[2m | [22m

[1mLazy chunk files[22m   [2m | [22m[1mNames[22m                 [2m | [22m[1mRaw size[22m
[32mchunk-P5ROQEUE.js[39m  [2m | [22m[2madmin-layout-component[22m[2m | [22m[36m44.12 kB[39m[2m | [22m

Application bundle generation complete. [0.389 seconds] - 2026-04-30T11:25:50.810Z

Component update sent to client(s).
[33m❯[39m Changes detected. Rebuilding...
[32m✔[39m Changes detected. Rebuilding...
[1mInitial chunk files[22m[2m | [22m[1mNames[22m                 [2m | [22m[1mRaw size[22m
[32mmain.js[39m            [2m | [22m[2mmain[22m                  [2m | [22m[36m15.33 kB[39m[2m | [22m

[1mLazy chunk files[22m   [2m | [22m[1mNames[22m                 [2m | [22m[1mRaw size[22m
[32mchunk-RYUZZXME.js[39m  [2m | [22m[2madmin-layout-component[22m[2m | [22m[36m44.52 kB[39m[2m | [22m

Application bundle generation complete. [0.492 seconds] - 2026-04-30T11:26:33.850Z

Component update sent to client(s).
[33m❯[39m Changes detected. Rebuilding...
[32m✔[39m Changes detected. Rebuilding...
Application bundle generation failed. [0.640 seconds] - 2026-04-30T11:33:11.229Z

[33m❯[39m Changes detected. Rebuilding...
[32m✔[39m Changes detected. Rebuilding...
Application bundle generation failed. [0.413 seconds] - 2026-04-30T11:33:44.375Z

[33m❯[39m Changes detected. Rebuilding...
[32m✔[39m Changes detected. Rebuilding...
Application bundle generation failed. [0.205 seconds] - 2026-04-30T11:34:09.295Z

[33m❯[39m Changes detected. Rebuilding...
[32m✔[39m Changes detected. Rebuilding...
[1mInitial chunk files[22m[2m | [22m[1mNames[22m                       [2m | [22m[1mRaw size[22m
[32mstyles.css[39m         [2m | [22m[2mstyles[22m                      [2m | [22m[36m28.14 kB[39m[2m | [22m
[32mmain.js[39m            [2m | [22m[2mmain[22m                        [2m | [22m[36m15.33 kB[39m[2m | [22m
[32mchunk-CZJLB7T5.js[39m  [2m | [22m[2m-[22m                           [2m | [22m [36m1.08 kB[39m[2m | [22m
[32mpolyfills.js[39m       [2m | [22m[2mpolyfills[22m                   [2m | [22m[36m95 bytes[39m[2m | [22m

[1m [22m                  [2m | [22m[1mInitial total[22m               [2m | [22m[1m44.65 kB[22m

[1mLazy chunk files[22m   [2m | [22m[1mNames[22m                       [2m | [22m[1mRaw size[22m
[32mchunk-BPH3EFJQ.js[39m  [2m | [22m[2madmin-layout-component[22m      [2m | [22m[36m44.52 kB[39m[2m | [22m
[32mchunk-CT7LDXVG.js[39m  [2m | [22m[2mnews-form-component[22m         [2m | [22m[36m39.26 kB[39m[2m | [22m
[32mchunk-TNVH5MFJ.js[39m  [2m | [22m[2mhome-component[22m              [2m | [22m[36m39.16 kB[39m[2m | [22m
[32mchunk-XS64QHSY.js[39m  [2m | [22m[2m-[22m                           [2m | [22m[36m20.17 kB[39m[2m | [22m
[32mchunk-HAZPGL7X.js[39m  [2m | [22m[2mteam-component[22m              [2m | [22m[36m19.80 kB[39m[2m | [22m
[32mchunk-VAK7GE57.js[39m  [2m | [22m[2mdashboard-component[22m         [2m | [22m[36m15.23 kB[39m[2m | [22m
[32mchunk-ZI4A2CXB.js[39m  [2m | [22m[2mcategories-component[22m        [2m | [22m[36m15.21 kB[39m[2m | [22m
[32mchunk-YKOALWGB.js[39m  [2m | [22m[2mnews-detail-component[22m       [2m | [22m[36m15.15 kB[39m[2m | [22m
[32mchunk-QPFT3X7L.js[39m  [2m | [22m[2mnews-management-component[22m   [2m | [22m[36m13.70 kB[39m[2m | [22m
[32mchunk-AUEEFPCD.js[39m  [2m | [22m[2mnews-list-component[22m         [2m | [22m[36m12.28 kB[39m[2m | [22m
[32mchunk-ORA5W6VO.js[39m  [2m | [22m[2mhomepage-customize-component[22m[2m | [22m[36m10.59 kB[39m[2m | [22m
[32mchunk-HDI4WKYF.js[39m  [2m | [22m[2mwebsite-info-component[22m      [2m | [22m [36m8.85 kB[39m[2m | [22m
[32mchunk-6KNNSMAR.js[39m  [2m | [22m[2m-[22m                           [2m | [22m [36m4.49 kB[39m[2m | [22m
[32mchunk-Z36JHDTT.js[39m  [2m | [22m[2m-[22m                           [2m | [22m [36m2.50 kB[39m[2m | [22m
[32mchunk-FBAU33DY.js[39m  [2m | [22m[2mnot-found-component[22m         [2m | [22m [36m2.39 kB[39m[2m | [22m

Application bundle generation complete. [0.805 seconds] - 2026-04-30T11:36:15.124Z

Page reload sent to client(s).
[33m❯[39m Changes detected. Rebuilding...
[32m✔[39m Changes detected. Rebuilding...
[1mInitial chunk files[22m[2m | [22m[1mNames[22m              [2m | [22m[1mRaw size[22m
[32mmain.js[39m            [2m | [22m[2mmain[22m               [2m | [22m[36m15.33 kB[39m[2m | [22m

[1mLazy chunk files[22m   [2m | [22m[1mNames[22m              [2m | [22m[1mRaw size[22m
[32mchunk-TLI7U7DE.js[39m  [2m | [22m[2mnews-form-component[22m[2m | [22m[36m39.77 kB[39m[2m | [22m

Application bundle generation complete. [0.359 seconds] - 2026-04-30T11:43:06.858Z

Component update sent to client(s).
[33m❯[39m Changes detected. Rebuilding...
[32m✔[39m Changes detected. Rebuilding...
[1mInitial chunk files[22m[2m | [22m[1mNames[22m              [2m | [22m[1mRaw size[22m
[32mmain.js[39m            [2m | [22m[2mmain[22m               [2m | [22m[36m15.33 kB[39m[2m | [22m

[1mLazy chunk files[22m   [2m | [22m[1mNames[22m              [2m | [22m[1mRaw size[22m
[32mchunk-TTYV26CX.js[39m  [2m | [22m[2mnews-form-component[22m[2m | [22m[36m43.46 kB[39m[2m | [22m

Application bundle generation complete. [0.432 seconds] - 2026-04-30T11:43:37.791Z

Component update sent to client(s).
[33m❯[39m Changes detected. Rebuilding...
[32m✔[39m Changes detected. Rebuilding...
[1mInitial chunk files[22m[2m | [22m[1mNames[22m              [2m | [22m[1mRaw size[22m
[32mmain.js[39m            [2m | [22m[2mmain[22m               [2m | [22m[36m15.33 kB[39m[2m | [22m

[1mLazy chunk files[22m   [2m | [22m[1mNames[22m              [2m | [22m[1mRaw size[22m
[32mchunk-7XC7MW5R.js[39m  [2m | [22m[2mnews-form-component[22m[2m | [22m[36m39.50 kB[39m[2m | [22m

Application bundle generation complete. [0.405 seconds] - 2026-04-30T11:48:55.717Z

Page reload sent to client(s).
[33m❯[39m Changes detected. Rebuilding...
[32m✔[39m Changes detected. Rebuilding...
[1mInitial chunk files[22m[2m | [22m[1mNames[22m              [2m | [22m[1mRaw size[22m
[32mmain.js[39m            [2m | [22m[2mmain[22m               [2m | [22m[36m15.33 kB[39m[2m | [22m

[1mLazy chunk files[22m   [2m | [22m[1mNames[22m              [2m | [22m[1mRaw size[22m
[32mchunk-L3GLPG6T.js[39m  [2m | [22m[2mnews-form-component[22m[2m | [22m[36m40.53 kB[39m[2m | [22m

Application bundle generation complete. [0.324 seconds] - 2026-04-30T11:50:02.619Z

Component update sent to client(s).
[33m❯[39m Changes detected. Rebuilding...
[32m✔[39m Changes detected. Rebuilding...
Application bundle generation failed. [0.279 seconds] - 2026-04-30T11:55:23.300Z

[33m❯[39m Changes detected. Rebuilding...
[32m✔[39m Changes detected. Rebuilding...
Application bundle generation failed. [0.438 seconds] - 2026-04-30T11:55:35.500Z

[33m❯[39m Changes detected. Rebuilding...
[32m✔[39m Changes detected. Rebuilding...
Application bundle generation failed. [0.198 seconds] - 2026-04-30T11:55:58.672Z

[33m❯[39m Changes detected. Rebuilding...
[32m✔[39m Changes detected. Rebuilding...
Application bundle generation failed. [0.286 seconds] - 2026-04-30T11:57:23.350Z

[33m❯[39m Changes detected. Rebuilding...
[32m✔[39m Changes detected. Rebuilding...
Application bundle generation failed. [0.200 seconds] - 2026-04-30T11:57:33.027Z

[33m❯[39m Changes detected. Rebuilding...
[32m✔[39m Changes detected. Rebuilding...
[1mInitial chunk files[22m[2m | [22m[1mNames[22m                       [2m | [22m[1mRaw size[22m
[32mstyles.css[39m         [2m | [22m[2mstyles[22m                      [2m | [22m[36m28.14 kB[39m[2m | [22m
[32mmain.js[39m            [2m | [22m[2mmain[22m                        [2m | [22m[36m15.33 kB[39m[2m | [22m
[32mchunk-CZJLB7T5.js[39m  [2m | [22m[2m-[22m                           [2m | [22m [36m1.08 kB[39m[2m | [22m
[32mpolyfills.js[39m       [2m | [22m[2mpolyfills[22m                   [2m | [22m[36m95 bytes[39m[2m | [22m

[1m [22m                  [2m | [22m[1mInitial total[22m               [2m | [22m[1m44.65 kB[22m

[1mLazy chunk files[22m   [2m | [22m[1mNames[22m                       [2m | [22m[1mRaw size[22m
[32mchunk-YDXJPJX7.js[39m  [2m | [22m[2madmin-layout-component[22m      [2m | [22m[36m44.52 kB[39m[2m | [22m
[32mchunk-ZIK3YA7H.js[39m  [2m | [22m[2mnews-form-component[22m         [2m | [22m[36m42.80 kB[39m[2m | [22m
[32mchunk-TNVH5MFJ.js[39m  [2m | [22m[2mhome-component[22m              [2m | [22m[36m39.16 kB[39m[2m | [22m
[32mchunk-B3I4J33Q.js[39m  [2m | [22m[2m-[22m                           [2m | [22m[36m21.37 kB[39m[2m | [22m
[32mchunk-SIGFYAST.js[39m  [2m | [22m[2mteam-component[22m              [2m | [22m[36m19.80 kB[39m[2m | [22m
[32mchunk-UUPDGMRF.js[39m  [2m | [22m[2mdashboard-component[22m         [2m | [22m[36m15.23 kB[39m[2m | [22m
[32mchunk-KEIFX24T.js[39m  [2m | [22m[2mcategories-component[22m        [2m | [22m[36m15.21 kB[39m[2m | [22m
[32mchunk-YKOALWGB.js[39m  [2m | [22m[2mnews-detail-component[22m       [2m | [22m[36m15.15 kB[39m[2m | [22m
[32mchunk-CRQIVV6W.js[39m  [2m | [22m[2mnews-management-component[22m   [2m | [22m[36m13.70 kB[39m[2m | [22m
[32mchunk-AUEEFPCD.js[39m  [2m | [22m[2mnews-list-component[22m         [2m | [22m[36m12.28 kB[39m[2m | [22m
[32mchunk-NHGVN6B7.js[39m  [2m | [22m[2mhomepage-customize-component[22m[2m | [22m[36m10.59 kB[39m[2m | [22m
[32mchunk-LOPDP3KR.js[39m  [2m | [22m[2mwebsite-info-component[22m      [2m | [22m [36m8.85 kB[39m[2m | [22m
[32mchunk-6KNNSMAR.js[39m  [2m | [22m[2m-[22m                           [2m | [22m [36m4.49 kB[39m[2m | [22m
[32mchunk-Z36JHDTT.js[39m  [2m | [22m[2m-[22m                           [2m | [22m [36m2.50 kB[39m[2m | [22m
[32mchunk-FBAU33DY.js[39m  [2m | [22m[2mnot-found-component[22m         [2m | [22m [36m2.39 kB[39m[2m | [22m

Application bundle generation complete. [0.570 seconds] - 2026-04-30T12:00:12.218Z

Page reload sent to client(s).
[33m❯[39m Changes detected. Rebuilding...
[32m✔[39m Changes detected. Rebuilding...
[1mInitial chunk files[22m[2m | [22m[1mNames[22m              [2m | [22m[1mRaw size[22m
[32mmain.js[39m            [2m | [22m[2mmain[22m               [2m | [22m[36m15.33 kB[39m[2m | [22m

[1mLazy chunk files[22m   [2m | [22m[1mNames[22m              [2m | [22m[1mRaw size[22m
[32mchunk-6TEUQXIU.js[39m  [2m | [22m[2mnews-form-component[22m[2m | [22m[36m44.25 kB[39m[2m | [22m

Application bundle generation complete. [0.359 seconds] - 2026-04-30T12:04:19.168Z

Component update sent to client(s).
[33m❯[39m Changes detected. Rebuilding...
[32m✔[39m Changes detected. Rebuilding...
[1mInitial chunk files[22m[2m | [22m[1mNames[22m              [2m | [22m[1mRaw size[22m
[32mmain.js[39m            [2m | [22m[2mmain[22m               [2m | [22m[36m15.33 kB[39m[2m | [22m

[1mLazy chunk files[22m   [2m | [22m[1mNames[22m              [2m | [22m[1mRaw size[22m
[32mchunk-2JPI3HK6.js[39m  [2m | [22m[2mnews-form-component[22m[2m | [22m[36m41.86 kB[39m[2m | [22m

Application bundle generation complete. [0.387 seconds] - 2026-04-30T12:05:19.879Z

Component update sent to client(s).
[33m❯[39m Changes detected. Rebuilding...
[32m✔[39m Changes detected. Rebuilding...
[1mInitial chunk files[22m[2m | [22m[1mNames[22m              [2m | [22m[1mRaw size[22m
[32mmain.js[39m            [2m | [22m[2mmain[22m               [2m | [22m[36m15.33 kB[39m[2m | [22m

[1mLazy chunk files[22m   [2m | [22m[1mNames[22m              [2m | [22m[1mRaw size[22m
[32mchunk-UGE2FZCE.js[39m  [2m | [22m[2mnews-form-component[22m[2m | [22m[36m41.66 kB[39m[2m | [22m

Application bundle generation complete. [0.333 seconds] - 2026-04-30T12:05:50.209Z

Component update sent to client(s).
[33m❯[39m Changes detected. Rebuilding...
[32m✔[39m Changes detected. Rebuilding...
Application bundle generation failed. [0.523 seconds] - 2026-04-30T12:11:55.829Z

[33m❯[39m Changes detected. Rebuilding...
[32m✔[39m Changes detected. Rebuilding...
Application bundle generation failed. [0.766 seconds] - 2026-04-30T12:12:07.051Z

[33m❯[39m Changes detected. Rebuilding...
[32m✔[39m Changes detected. Rebuilding...
Application bundle generation failed. [0.781 seconds] - 2026-04-30T12:12:26.807Z

[33m❯[39m Changes detected. Rebuilding...
[32m✔[39m Changes detected. Rebuilding...
Application bundle generation failed. [1.325 seconds] - 2026-04-30T12:12:37.218Z

[33m❯[39m Changes detected. Rebuilding...
[32m✔[39m Changes detected. Rebuilding...
Application bundle generation failed. [0.644 seconds] - 2026-04-30T12:12:45.998Z

[33m❯[39m Changes detected. Rebuilding...
[32m✔[39m Changes detected. Rebuilding...
Application bundle generation failed. [0.556 seconds] - 2026-04-30T12:13:03.399Z

[33m❯[39m Changes detected. Rebuilding...
[32m✔[39m Changes detected. Rebuilding...
Application bundle generation failed. [1.122 seconds] - 2026-04-30T12:14:53.885Z

[33m❯[39m Changes detected. Rebuilding...
[32m✔[39m Changes detected. Rebuilding...
Application bundle generation failed. [0.660 seconds] - 2026-04-30T12:15:09.571Z

[33m❯[39m Changes detected. Rebuilding...
[32m✔[39m Changes detected. Rebuilding...
Application bundle generation failed. [0.344 seconds] - 2026-04-30T12:15:17.220Z

[33m❯[39m Changes detected. Rebuilding...
[32m✔[39m Changes detected. Rebuilding...
Application bundle generation failed. [0.579 seconds] - 2026-04-30T12:15:36.811Z

[33m❯[39m Changes detected. Rebuilding...
[32m✔[39m Changes detected. Rebuilding...
Application bundle generation failed. [0.167 seconds] - 2026-04-30T12:16:06.627Z

[33m❯[39m Changes detected. Rebuilding...
[32m✔[39m Changes detected. Rebuilding...
Application bundle generation failed. [1.021 seconds] - 2026-04-30T15:38:22.147Z

[33m❯[39m Changes detected. Rebuilding...
[32m✔[39m Changes detected. Rebuilding...
Application bundle generation failed. [0.521 seconds] - 2026-04-30T15:39:30.067Z

[33m❯[39m Changes detected. Rebuilding...
[32m✔[39m Changes detected. Rebuilding...
Application bundle generation failed. [0.312 seconds] - 2026-04-30T15:39:37.282Z

[33m❯[39m Changes detected. Rebuilding...
[32m✔[39m Changes detected. Rebuilding...
Application bundle generation failed. [0.410 seconds] - 2026-04-30T15:39:43.058Z

[33m❯[39m Changes detected. Rebuilding...
[32m✔[39m Changes detected. Rebuilding...
Application bundle generation failed. [0.414 seconds] - 2026-04-30T15:39:49.899Z

[33m❯[39m Changes detected. Rebuilding...
[32m✔[39m Changes detected. Rebuilding...
Application bundle generation failed. [0.255 seconds] - 2026-04-30T15:39:55.934Z

[33m❯[39m Changes detected. Rebuilding...
[32m✔[39m Changes detected. Rebuilding...
Application bundle generation failed. [0.560 seconds] - 2026-04-30T15:54:00.561Z

[33m❯[39m Changes detected. Rebuilding...
[32m✔[39m Changes detected. Rebuilding...
Application bundle generation failed. [0.002 seconds] - 2026-04-30T15:54:10.751Z

[33m❯[39m Changes detected. Rebuilding...
[32m✔[39m Changes detected. Rebuilding...
Application bundle generation failed. [0.004 seconds] - 2026-04-30T15:54:23.713Z

[33m❯[39m Changes detected. Rebuilding...
[32m✔[39m Changes detected. Rebuilding...
Application bundle generation failed. [0.712 seconds] - 2026-04-30T16:00:13.470Z

[33m❯[39m Changes detected. Rebuilding...
[32m✔[39m Changes detected. Rebuilding...
Application bundle generation failed. [0.003 seconds] - 2026-04-30T16:00:17.365Z

[33m❯[39m Changes detected. Rebuilding...
[32m✔[39m Changes detected. Rebuilding...
Application bundle generation failed. [0.002 seconds] - 2026-04-30T16:00:20.102Z

[33m❯[39m Changes detected. Rebuilding...
[32m✔[39m Changes detected. Rebuilding...
Application bundle generation failed. [0.004 seconds] - 2026-04-30T16:00:23.565Z

[33m❯[39m Changes detected. Rebuilding...
[32m✔[39m Changes detected. Rebuilding...
Application bundle generation failed. [0.001 seconds] - 2026-04-30T16:00:27.710Z

[33m❯[39m Changes detected. Rebuilding...
[32m✔[39m Changes detected. Rebuilding...
Application bundle generation failed. [1.638 seconds] - 2026-04-30T16:04:31.506Z

[33m❯[39m Changes detected. Rebuilding...
[32m✔[39m Changes detected. Rebuilding...
Application bundle generation failed. [0.339 seconds] - 2026-04-30T16:04:34.333Z

[33m❯[39m Changes detected. Rebuilding...
[32m✔[39m Changes detected. Rebuilding...
Application bundle generation failed. [0.262 seconds] - 2026-04-30T16:04:36.994Z

[33m❯[39m Changes detected. Rebuilding...
[32m✔[39m Changes detected. Rebuilding...
Application bundle generation failed. [0.163 seconds] - 2026-04-30T16:04:38.932Z

[33m❯[39m Changes detected. Rebuilding...
[32m✔[39m Changes detected. Rebuilding...
Application bundle generation failed. [0.145 seconds] - 2026-04-30T16:04:40.780Z

[33m❯[39m Changes detected. Rebuilding...
[32m✔[39m Changes detected. Rebuilding...
Application bundle generation failed. [0.634 seconds] - 2026-04-30T16:04:57.564Z

[33m❯[39m Changes detected. Rebuilding...
[32m✔[39m Changes detected. Rebuilding...
Application bundle generation failed. [0.002 seconds] - 2026-04-30T16:06:05.699Z

[33m❯[39m Changes detected. Rebuilding...
[32m✔[39m Changes detected. Rebuilding...
Application bundle generation failed. [0.002 seconds] - 2026-04-30T16:06:07.350Z

[33m❯[39m Changes detected. Rebuilding...
[32m✔[39m Changes detected. Rebuilding...
Application bundle generation failed. [0.001 seconds] - 2026-04-30T16:06:11.551Z

[33m❯[39m Changes detected. Rebuilding...
[32m✔[39m Changes detected. Rebuilding...
Application bundle generation failed. [0.268 seconds] - 2026-04-30T16:06:44.841Z

[33m❯[39m Changes detected. Rebuilding...
[32m✔[39m Changes detected. Rebuilding...
Application bundle generation failed. [0.506 seconds] - 2026-04-30T16:06:52.375Z

[33m❯[39m Changes detected. Rebuilding...
[32m✔[39m Changes detected. Rebuilding...
Application bundle generation failed. [1.236 seconds] - 2026-04-30T16:26:03.487Z

[33m❯[39m Changes detected. Rebuilding...
[32m✔[39m Changes detected. Rebuilding...
Application bundle generation failed. [0.602 seconds] - 2026-04-30T16:26:06.081Z

[33m❯[39m Changes detected. Rebuilding...
[32m✔[39m Changes detected. Rebuilding...
Application bundle generation failed. [0.318 seconds] - 2026-04-30T16:26:07.747Z

[33m❯[39m Changes detected. Rebuilding...
[32m✔[39m Changes detected. Rebuilding...
Application bundle generation failed. [0.373 seconds] - 2026-04-30T16:26:10.230Z

[33m❯[39m Changes detected. Rebuilding...
[32m✔[39m Changes detected. Rebuilding...
Application bundle generation failed. [0.279 seconds] - 2026-04-30T16:26:12.645Z

[33m❯[39m Changes detected. Rebuilding...
[32m✔[39m Changes detected. Rebuilding...
[1mInitial chunk files[22m[2m | [22m[1mNames[22m                       [2m | [22m[1mRaw size[22m
[32mstyles.css[39m         [2m | [22m[2mstyles[22m                      [2m | [22m[36m28.14 kB[39m[2m | [22m
[32mmain.js[39m            [2m | [22m[2mmain[22m                        [2m | [22m[36m16.58 kB[39m[2m | [22m
[32mchunk-EO7FDA3V.js[39m  [2m | [22m[2m-[22m                           [2m | [22m [36m2.02 kB[39m[2m | [22m
[32mchunk-CZJLB7T5.js[39m  [2m | [22m[2m-[22m                           [2m | [22m [36m1.08 kB[39m[2m | [22m
[32mpolyfills.js[39m       [2m | [22m[2mpolyfills[22m                   [2m | [22m[36m95 bytes[39m[2m | [22m

[1m [22m                  [2m | [22m[1mInitial total[22m               [2m | [22m[1m47.92 kB[22m

[1mLazy chunk files[22m   [2m | [22m[1mNames[22m                       [2m | [22m[1mRaw size[22m
[32mchunk-LSFKEL5K.js[39m  [2m | [22m[2mnews-form-component[22m         [2m | [22m[36m54.58 kB[39m[2m | [22m
[32mchunk-OPZGMHYO.js[39m  [2m | [22m[2madmin-layout-component[22m      [2m | [22m[36m48.96 kB[39m[2m | [22m
[32mchunk-SQQIBYHT.js[39m  [2m | [22m[2mhome-component[22m              [2m | [22m[36m36.87 kB[39m[2m | [22m
[32mchunk-YSRTHPQP.js[39m  [2m | [22m[2m-[22m                           [2m | [22m[36m25.44 kB[39m[2m | [22m
[32mchunk-F26RHRCS.js[39m  [2m | [22m[2mteam-component[22m              [2m | [22m[36m20.72 kB[39m[2m | [22m
[32mchunk-MRG5W4Q2.js[39m  [2m | [22m[2mnews-management-component[22m   [2m | [22m[36m19.89 kB[39m[2m | [22m
[32mchunk-VNGOQN26.js[39m  [2m | [22m[2mnews-detail-component[22m       [2m | [22m[36m17.38 kB[39m[2m | [22m
[32mchunk-AHSVZC2N.js[39m  [2m | [22m[2mdashboard-component[22m         [2m | [22m[36m15.23 kB[39m[2m | [22m
[32mchunk-4TWVADQK.js[39m  [2m | [22m[2mcategories-component[22m        [2m | [22m[36m15.21 kB[39m[2m | [22m
[32mchunk-3YQZQDTI.js[39m  [2m | [22m[2mbreaking-news-component[22m     [2m | [22m[36m13.59 kB[39m[2m | [22m
[32mchunk-6AJPLVJL.js[39m  [2m | [22m[2mnews-list-component[22m         [2m | [22m[36m12.81 kB[39m[2m | [22m
[32mchunk-7DDCV2KW.js[39m  [2m | [22m[2mcategory-component[22m          [2m | [22m[36m12.11 kB[39m[2m | [22m
[32mchunk-UEEPNVJU.js[39m  [2m | [22m[2mmedia-library-component[22m     [2m | [22m[36m11.91 kB[39m[2m | [22m
[32mchunk-CGKEWTTB.js[39m  [2m | [22m[2mcomments-component[22m          [2m | [22m[36m11.44 kB[39m[2m | [22m
[32mchunk-FUIRJ2QF.js[39m  [2m | [22m[2mhomepage-customize-component[22m[2m | [22m[36m10.59 kB[39m[2m | [22m
[2m...and 6 more lazy chunks files. Use "--verbose" to show all the files.[22m

Application bundle generation complete. [0.237 seconds] - 2026-04-30T16:26:16.013Z

Page reload sent to client(s).
[33m❯[39m Changes detected. Rebuilding...
[32m✔[39m Changes detected. Rebuilding...
[1mInitial chunk files[22m[2m | [22m[1mNames[22m                 [2m | [22m[1mRaw size[22m
[32mmain.js[39m            [2m | [22m[2mmain[22m                  [2m | [22m[36m16.58 kB[39m[2m | [22m
[32mchunk-GL3PTMU4.js[39m  [2m | [22m[2m-[22m                     [2m | [22m [36m3.24 kB[39m[2m | [22m

[1mLazy chunk files[22m   [2m | [22m[1mNames[22m                 [2m | [22m[1mRaw size[22m
[32mchunk-VWGIPT43.js[39m  [2m | [22m[2madmin-layout-component[22m[2m | [22m[36m48.96 kB[39m[2m | [22m
[32mchunk-VNOXJHUF.js[39m  [2m | [22m[2mlogin-component[22m       [2m | [22m[36m10.04 kB[39m[2m | [22m

Application bundle generation complete. [0.390 seconds] - 2026-04-30T16:30:54.884Z

Page reload sent to client(s).
[33m❯[39m Changes detected. Rebuilding...
[32m✔[39m Changes detected. Rebuilding...

No output file changes.

Application bundle generation complete. [0.191 seconds] - 2026-04-30T16:30:58.183Z

[33m❯[39m Changes detected. Rebuilding...
[32m✔[39m Changes detected. Rebuilding...
Application bundle generation failed. [0.290 seconds] - 2026-04-30T16:31:04.213Z

[33m❯[39m Changes detected. Rebuilding...
[32m✔[39m Changes detected. Rebuilding...
Application bundle generation failed. [0.169 seconds] - 2026-04-30T16:31:06.737Z

[33m❯[39m Changes detected. Rebuilding...
[32m✔[39m Changes detected. Rebuilding...
Application bundle generation failed. [0.425 seconds] - 2026-04-30T16:31:09.185Z

[33m❯[39m Changes detected. Rebuilding...
[32m✔[39m Changes detected. Rebuilding...
Application bundle generation failed. [0.567 seconds] - 2026-04-30T16:31:11.393Z

[33m❯[39m Changes detected. Rebuilding...
[32m✔[39m Changes detected. Rebuilding...
Application bundle generation failed. [0.825 seconds] - 2026-04-30T16:31:17.235Z

[33m❯[39m Changes detected. Rebuilding...
[32m✔[39m Changes detected. Rebuilding...
Application bundle generation failed. [0.182 seconds] - 2026-04-30T16:31:30.283Z

[33m❯[39m Changes detected. Rebuilding...
[32m✔[39m Changes detected. Rebuilding...
Application bundle generation failed. [0.002 seconds] - 2026-04-30T16:31:35.285Z

[33m❯[39m Changes detected. Rebuilding...
[32m✔[39m Changes detected. Rebuilding...
Application bundle generation failed. [0.216 seconds] - 2026-04-30T16:31:39.720Z

[33m❯[39m Changes detected. Rebuilding...
[32m✔[39m Changes detected. Rebuilding...
Application bundle generation failed. [0.334 seconds] - 2026-04-30T16:31:45.932Z

[33m❯[39m Changes detected. Rebuilding...
[32m✔[39m Changes detected. Rebuilding...
Application bundle generation failed. [0.002 seconds] - 2026-04-30T16:31:50.301Z

[33m❯[39m Changes detected. Rebuilding...
[32m✔[39m Changes detected. Rebuilding...
Application bundle generation failed. [0.002 seconds] - 2026-04-30T16:31:52.971Z

[33m❯[39m Changes detected. Rebuilding...
[32m✔[39m Changes detected. Rebuilding...
Application bundle generation failed. [0.715 seconds] - 2026-04-30T16:31:58.743Z

[33m❯[39m Changes detected. Rebuilding...
[32m✔[39m Changes detected. Rebuilding...
Application bundle generation failed. [0.460 seconds] - 2026-04-30T16:32:01.931Z

[33m❯[39m Changes detected. Rebuilding...
[32m✔[39m Changes detected. Rebuilding...
Application bundle generation failed. [0.416 seconds] - 2026-04-30T16:32:07.014Z

[33m❯[39m Changes detected. Rebuilding...
[32m✔[39m Changes detected. Rebuilding...
Application bundle generation failed. [0.002 seconds] - 2026-04-30T16:32:11.763Z

[33m❯[39m Changes detected. Rebuilding...
[32m✔[39m Changes detected. Rebuilding...
Application bundle generation failed. [0.001 seconds] - 2026-04-30T16:32:14.099Z

[33m❯[39m Changes detected. Rebuilding...
[32m✔[39m Changes detected. Rebuilding...
Application bundle generation failed. [0.427 seconds] - 2026-04-30T16:32:16.116Z

[33m❯[39m Changes detected. Rebuilding...
[32m✔[39m Changes detected. Rebuilding...
Application bundle generation failed. [0.002 seconds] - 2026-04-30T16:32:20.453Z

[33m❯[39m Changes detected. Rebuilding...
[32m✔[39m Changes detected. Rebuilding...
Application bundle generation failed. [0.001 seconds] - 2026-04-30T16:32:24.774Z

[33m❯[39m Changes detected. Rebuilding...
[32m✔[39m Changes detected. Rebuilding...
Application bundle generation failed. [0.495 seconds] - 2026-04-30T16:32:27.297Z

[33m❯[39m Changes detected. Rebuilding...
[32m✔[39m Changes detected. Rebuilding...
Application bundle generation failed. [0.002 seconds] - 2026-04-30T16:32:29.795Z

[33m❯[39m Changes detected. Rebuilding...
[32m✔[39m Changes detected. Rebuilding...
Application bundle generation failed. [0.003 seconds] - 2026-04-30T16:32:32.633Z

[33m❯[39m Changes detected. Rebuilding...
[32m✔[39m Changes detected. Rebuilding...
Application bundle generation failed. [0.380 seconds] - 2026-04-30T16:32:34.709Z

[33m❯[39m Changes detected. Rebuilding...
[32m✔[39m Changes detected. Rebuilding...
Application bundle generation failed. [0.001 seconds] - 2026-04-30T16:32:38.423Z

[33m❯[39m Changes detected. Rebuilding...
[32m✔[39m Changes detected. Rebuilding...
Application bundle generation failed. [0.002 seconds] - 2026-04-30T16:32:42.636Z

[33m❯[39m Changes detected. Rebuilding...
[32m✔[39m Changes detected. Rebuilding...
Application bundle generation failed. [0.431 seconds] - 2026-04-30T16:32:56.009Z

[33m❯[39m Changes detected. Rebuilding...
[32m✔[39m Changes detected. Rebuilding...
Application bundle generation failed. [0.490 seconds] - 2026-04-30T16:33:16.091Z

[33m❯[39m Changes detected. Rebuilding...
[32m✔[39m Changes detected. Rebuilding...
Application bundle generation failed. [0.275 seconds] - 2026-04-30T16:33:18.855Z

[33m❯[39m Changes detected. Rebuilding...
[32m✔[39m Changes detected. Rebuilding...
Application bundle generation failed. [0.354 seconds] - 2026-04-30T16:33:22.712Z

[33m❯[39m Changes detected. Rebuilding...
[32m✔[39m Changes detected. Rebuilding...
Application bundle generation failed. [0.154 seconds] - 2026-04-30T16:33:33.737Z

[33m❯[39m Changes detected. Rebuilding...
[32m✔[39m Changes detected. Rebuilding...
Application bundle generation failed. [0.361 seconds] - 2026-04-30T16:34:47.463Z

[33m❯[39m Changes detected. Rebuilding...
[32m✔[39m Changes detected. Rebuilding...
[1mInitial chunk files[22m[2m | [22m[1mNames[22m                       [2m | [22m[1mRaw size[22m
[32mstyles.css[39m         [2m | [22m[2mstyles[22m                      [2m | [22m[36m28.14 kB[39m[2m | [22m
[32mmain.js[39m            [2m | [22m[2mmain[22m                        [2m | [22m[36m17.17 kB[39m[2m | [22m
[32mchunk-RIV7AKXK.js[39m  [2m | [22m[2m-[22m                           [2m | [22m [36m3.52 kB[39m[2m | [22m
[32mchunk-CZJLB7T5.js[39m  [2m | [22m[2m-[22m                           [2m | [22m [36m1.08 kB[39m[2m | [22m
[32mpolyfills.js[39m       [2m | [22m[2mpolyfills[22m                   [2m | [22m[36m95 bytes[39m[2m | [22m

[1m [22m                  [2m | [22m[1mInitial total[22m               [2m | [22m[1m50.01 kB[22m

[1mLazy chunk files[22m   [2m | [22m[1mNames[22m                       [2m | [22m[1mRaw size[22m
[32mchunk-Y2KGGG4A.js[39m  [2m | [22m[2mnews-form-component[22m         [2m | [22m[36m56.03 kB[39m[2m | [22m
[32mchunk-O54QD3TV.js[39m  [2m | [22m[2madmin-layout-component[22m      [2m | [22m[36m45.98 kB[39m[2m | [22m
[32mchunk-SQQIBYHT.js[39m  [2m | [22m[2mhome-component[22m              [2m | [22m[36m36.87 kB[39m[2m | [22m
[32mchunk-KFA73IYB.js[39m  [2m | [22m[2m-[22m                           [2m | [22m[36m25.70 kB[39m[2m | [22m
[32mchunk-PKVAF3BB.js[39m  [2m | [22m[2mteam-component[22m              [2m | [22m[36m21.42 kB[39m[2m | [22m
[32mchunk-HVHSYLA7.js[39m  [2m | [22m[2mnews-management-component[22m   [2m | [22m[36m20.57 kB[39m[2m | [22m
[32mchunk-VNGOQN26.js[39m  [2m | [22m[2mnews-detail-component[22m       [2m | [22m[36m17.38 kB[39m[2m | [22m
[32mchunk-QQBQOIVK.js[39m  [2m | [22m[2mdashboard-component[22m         [2m | [22m[36m16.17 kB[39m[2m | [22m
[32mchunk-Q5MG2ZRL.js[39m  [2m | [22m[2mcategories-component[22m        [2m | [22m[36m15.92 kB[39m[2m | [22m
[32mchunk-2ILPGCW3.js[39m  [2m | [22m[2mbreaking-news-component[22m     [2m | [22m[36m14.34 kB[39m[2m | [22m
[32mchunk-6AJPLVJL.js[39m  [2m | [22m[2mnews-list-component[22m         [2m | [22m[36m12.81 kB[39m[2m | [22m
[32mchunk-OXV5S2SS.js[39m  [2m | [22m[2mcomments-component[22m          [2m | [22m[36m12.19 kB[39m[2m | [22m
[32mchunk-7DDCV2KW.js[39m  [2m | [22m[2mcategory-component[22m          [2m | [22m[36m12.11 kB[39m[2m | [22m
[32mchunk-7NTQN5BZ.js[39m  [2m | [22m[2mmedia-library-component[22m     [2m | [22m[36m11.91 kB[39m[2m | [22m
[32mchunk-T5VCVHWX.js[39m  [2m | [22m[2mhomepage-customize-component[22m[2m | [22m[36m10.59 kB[39m[2m | [22m
[2m...and 6 more lazy chunks files. Use "--verbose" to show all the files.[22m

Application bundle generation complete. [0.139 seconds] - 2026-04-30T16:36:10.436Z

Page reload sent to client(s).
[33m❯[39m Changes detected. Rebuilding...
[32m✔[39m Changes detected. Rebuilding...
[1mInitial chunk files[22m[2m | [22m[1mNames[22m                    [2m | [22m[1mRaw size[22m
[32mmain.js[39m            [2m | [22m[2mmain[22m                     [2m | [22m[36m17.17 kB[39m[2m | [22m

[1mLazy chunk files[22m   [2m | [22m[1mNames[22m                    [2m | [22m[1mRaw size[22m
[32mchunk-Y4E75XMN.js[39m  [2m | [22m[2mnews-form-component[22m      [2m | [22m[36m56.03 kB[39m[2m | [22m
[32mchunk-UHWJVVJG.js[39m  [2m | [22m[2mhome-component[22m           [2m | [22m[36m36.90 kB[39m[2m | [22m
[32mchunk-YQYI6CGD.js[39m  [2m | [22m[2mnews-management-component[22m[2m | [22m[36m20.57 kB[39m[2m | [22m
[32mchunk-S2VBXDOD.js[39m  [2m | [22m[2mnews-detail-component[22m    [2m | [22m[36m17.41 kB[39m[2m | [22m
[32mchunk-GGQD62H3.js[39m  [2m | [22m[2mcategory-component[22m       [2m | [22m[36m12.14 kB[39m[2m | [22m
[32mchunk-ETLS7TC4.js[39m  [2m | [22m[2m-[22m                        [2m | [22m[36m10.33 kB[39m[2m | [22m

Application bundle generation complete. [0.922 seconds] - 2026-04-30T16:57:15.846Z

Page reload sent to client(s).
[33m❯[39m Changes detected. Rebuilding...
[32m✔[39m Changes detected. Rebuilding...
[1mInitial chunk files[22m[2m | [22m[1mNames[22m               [2m | [22m[1mRaw size[22m
[32mmain.js[39m            [2m | [22m[2mmain[22m                [2m | [22m[36m17.17 kB[39m[2m | [22m

[1mLazy chunk files[22m   [2m | [22m[1mNames[22m               [2m | [22m[1mRaw size[22m
[32mchunk-UZRLI5JS.js[39m  [2m | [22m[2mnews-form-component[22m [2m | [22m[36m56.03 kB[39m[2m | [22m
[32mchunk-JMBLLXUH.js[39m  [2m | [22m[2mcategories-component[22m[2m | [22m[36m15.92 kB[39m[2m | [22m
[32mchunk-ZK7PII6V.js[39m  [2m | [22m[2m-[22m                   [2m | [22m [36m4.18 kB[39m[2m | [22m

Application bundle generation complete. [0.478 seconds] - 2026-04-30T16:57:20.109Z

Page reload sent to client(s).
[33m❯[39m Changes detected. Rebuilding...
[32m✔[39m Changes detected. Rebuilding...
[1mInitial chunk files[22m[2m | [22m[1mNames[22m         [2m | [22m[1mRaw size[22m
[32mmain.js[39m            [2m | [22m[2mmain[22m          [2m | [22m[36m17.17 kB[39m[2m | [22m

[1mLazy chunk files[22m   [2m | [22m[1mNames[22m         [2m | [22m[1mRaw size[22m
[32mchunk-BBB7TEHU.js[39m  [2m | [22m[2mteam-component[22m[2m | [22m[36m21.99 kB[39m[2m | [22m

Application bundle generation complete. [0.276 seconds] - 2026-04-30T16:58:23.630Z

Page reload sent to client(s).
[33m❯[39m Changes detected. Rebuilding...
[32m✔[39m Changes detected. Rebuilding...
[1mInitial chunk files[22m[2m | [22m[1mNames[22m                  [2m | [22m[1mRaw size[22m
[32mmain.js[39m            [2m | [22m[2mmain[22m                   [2m | [22m[36m17.17 kB[39m[2m | [22m

[1mLazy chunk files[22m   [2m | [22m[1mNames[22m                  [2m | [22m[1mRaw size[22m
[32mchunk-IPLFAE5K.js[39m  [2m | [22m[2mmedia-library-component[22m[2m | [22m[36m13.19 kB[39m[2m | [22m

Application bundle generation complete. [0.277 seconds] - 2026-04-30T16:58:28.729Z

Page reload sent to client(s).
[33m❯[39m Changes detected. Rebuilding...
[32m✔[39m Changes detected. Rebuilding...
[1mInitial chunk files[22m[2m | [22m[1mNames[22m             [2m | [22m[1mRaw size[22m
[32mmain.js[39m            [2m | [22m[2mmain[22m              [2m | [22m[36m17.17 kB[39m[2m | [22m

[1mLazy chunk files[22m   [2m | [22m[1mNames[22m             [2m | [22m[1mRaw size[22m
[32mchunk-U5JZMWL6.js[39m  [2m | [22m[2mcomments-component[22m[2m | [22m[36m12.74 kB[39m[2m | [22m

Application bundle generation complete. [0.229 seconds] - 2026-04-30T16:58:33.111Z

Page reload sent to client(s).
[33m❯[39m Changes detected. Rebuilding...
[32m✔[39m Changes detected. Rebuilding...
[1mInitial chunk files[22m[2m | [22m[1mNames[22m                  [2m | [22m[1mRaw size[22m
[32mmain.js[39m            [2m | [22m[2mmain[22m                   [2m | [22m[36m17.17 kB[39m[2m | [22m

[1mLazy chunk files[22m   [2m | [22m[1mNames[22m                  [2m | [22m[1mRaw size[22m
[32mchunk-UDBHT4ZA.js[39m  [2m | [22m[2mhome-component[22m         [2m | [22m[36m36.90 kB[39m[2m | [22m
[32mchunk-TQRFTF54.js[39m  [2m | [22m[2mbreaking-news-component[22m[2m | [22m[36m14.34 kB[39m[2m | [22m
[32mchunk-YKOVJ4VV.js[39m  [2m | [22m[2m-[22m                      [2m | [22m [36m3.64 kB[39m[2m | [22m

Application bundle generation complete. [0.572 seconds] - 2026-04-30T16:58:38.408Z

Page reload sent to client(s).
[33m❯[39m Changes detected. Rebuilding...
[32m✔[39m Changes detected. Rebuilding...
[1mInitial chunk files[22m[2m | [22m[1mNames[22m                    [2m | [22m[1mRaw size[22m
[32mmain.js[39m            [2m | [22m[2mmain[22m                     [2m | [22m[36m17.17 kB[39m[2m | [22m

[1mLazy chunk files[22m   [2m | [22m[1mNames[22m                    [2m | [22m[1mRaw size[22m
[32mchunk-KYHFEQTZ.js[39m  [2m | [22m[2mnews-form-component[22m      [2m | [22m[36m56.03 kB[39m[2m | [22m
[32mchunk-TFWUXPJN.js[39m  [2m | [22m[2mhome-component[22m           [2m | [22m[36m36.90 kB[39m[2m | [22m
[32mchunk-G4IGFMHM.js[39m  [2m | [22m[2mnews-management-component[22m[2m | [22m[36m20.57 kB[39m[2m | [22m
[32mchunk-XTBUH2OJ.js[39m  [2m | [22m[2mnews-detail-component[22m    [2m | [22m[36m17.41 kB[39m[2m | [22m
[32mchunk-AUAHKARX.js[39m  [2m | [22m[2mcategory-component[22m       [2m | [22m[36m12.14 kB[39m[2m | [22m
[32mchunk-BCVEKSNU.js[39m  [2m | [22m[2m-[22m                        [2m | [22m[36m11.94 kB[39m[2m | [22m

Application bundle generation complete. [1.281 seconds] - 2026-04-30T17:18:29.061Z

Page reload sent to client(s).
[33m❯[39m Changes detected. Rebuilding...
[32m✔[39m Changes detected. Rebuilding...
[1mInitial chunk files[22m[2m | [22m[1mNames[22m                    [2m | [22m[1mRaw size[22m
[32mmain.js[39m            [2m | [22m[2mmain[22m                     [2m | [22m[36m17.17 kB[39m[2m | [22m

[1mLazy chunk files[22m   [2m | [22m[1mNames[22m                    [2m | [22m[1mRaw size[22m
[32mchunk-GZHPEQIZ.js[39m  [2m | [22m[2mnews-form-component[22m      [2m | [22m[36m56.03 kB[39m[2m | [22m
[32mchunk-KKW53QJ7.js[39m  [2m | [22m[2mhome-component[22m           [2m | [22m[36m36.90 kB[39m[2m | [22m
[32mchunk-VLZBMBYO.js[39m  [2m | [22m[2mnews-management-component[22m[2m | [22m[36m20.57 kB[39m[2m | [22m
[32mchunk-YDTOTB5C.js[39m  [2m | [22m[2mnews-detail-component[22m    [2m | [22m[36m17.41 kB[39m[2m | [22m
[32mchunk-7ZZGL7YO.js[39m  [2m | [22m[2mcategory-component[22m       [2m | [22m[36m12.14 kB[39m[2m | [22m
[32mchunk-HEN4EMYL.js[39m  [2m | [22m[2m-[22m                        [2m | [22m[36m11.97 kB[39m[2m | [22m

Application bundle generation complete. [0.253 seconds] - 2026-04-30T17:19:40.664Z

Page reload sent to client(s).
[33m❯[39m Changes detected. Rebuilding...
[32m✔[39m Changes detected. Rebuilding...
Application bundle generation failed. [0.392 seconds] - 2026-04-30T17:19:52.777Z

[33m❯[39m Changes detected. Rebuilding...
[32m✔[39m Changes detected. Rebuilding...
Application bundle generation failed. [0.002 seconds] - 2026-04-30T17:20:01.518Z

[33m❯[39m Changes detected. Rebuilding...
[32m✔[39m Changes detected. Rebuilding...
Application bundle generation failed. [0.002 seconds] - 2026-04-30T17:20:08.845Z

[33m❯[39m Changes detected. Rebuilding...
[32m✔[39m Changes detected. Rebuilding...
Application bundle generation failed. [0.001 seconds] - 2026-04-30T17:20:14.253Z

[33m❯[39m Changes detected. Rebuilding...
[32m✔[39m Changes detected. Rebuilding...
Application bundle generation failed. [0.408 seconds] - 2026-04-30T17:20:21.880Z

[33m❯[39m Changes detected. Rebuilding...
[32m✔[39m Changes detected. Rebuilding...
Application bundle generation failed. [0.215 seconds] - 2026-04-30T17:21:24.915Z

[33m❯[39m Changes detected. Rebuilding...
[32m✔[39m Changes detected. Rebuilding...
Application bundle generation failed. [0.273 seconds] - 2026-04-30T17:21:28.323Z

[33m❯[39m Changes detected. Rebuilding...
[32m✔[39m Changes detected. Rebuilding...
Application bundle generation failed. [0.975 seconds] - 2026-04-30T17:21:33.368Z

[33m❯[39m Changes detected. Rebuilding...
[32m✔[39m Changes detected. Rebuilding...
Application bundle generation failed. [0.002 seconds] - 2026-04-30T17:21:38.467Z

[33m❯[39m Changes detected. Rebuilding...
[32m✔[39m Changes detected. Rebuilding...
Application bundle generation failed. [0.005 seconds] - 2026-04-30T17:21:44.220Z

[33m❯[39m Changes detected. Rebuilding...
[32m✔[39m Changes detected. Rebuilding...
Application bundle generation failed. [0.511 seconds] - 2026-04-30T17:22:02.975Z

[33m❯[39m Changes detected. Rebuilding...
[32m✔[39m Changes detected. Rebuilding...
Application bundle generation failed. [0.264 seconds] - 2026-04-30T17:22:05.297Z

[33m❯[39m Changes detected. Rebuilding...
[32m✔[39m Changes detected. Rebuilding...
Application bundle generation failed. [0.189 seconds] - 2026-04-30T17:22:08.330Z

[33m❯[39m Changes detected. Rebuilding...
[32m✔[39m Changes detected. Rebuilding...
Application bundle generation failed. [0.345 seconds] - 2026-04-30T17:23:11.654Z

[33m❯[39m Changes detected. Rebuilding...
[32m✔[39m Changes detected. Rebuilding...
Application bundle generation failed. [0.357 seconds] - 2026-04-30T17:23:15.442Z

[33m❯[39m Changes detected. Rebuilding...
[32m✔[39m Changes detected. Rebuilding...
Application bundle generation failed. [0.279 seconds] - 2026-04-30T17:27:37.297Z

[33m❯[39m Changes detected. Rebuilding...
[32m✔[39m Changes detected. Rebuilding...
Application bundle generation failed. [0.252 seconds] - 2026-04-30T17:27:56.745Z

[33m❯[39m Changes detected. Rebuilding...
[32m✔[39m Changes detected. Rebuilding...
Application bundle generation failed. [0.211 seconds] - 2026-04-30T17:28:58.192Z

[33m❯[39m Changes detected. Rebuilding...
[32m✔[39m Changes detected. Rebuilding...
Application bundle generation failed. [0.920 seconds] - 2026-04-30T18:05:27.084Z

[2m2:53:23 PM[22m [36m[1m[vite][22m[39m [90m[2m(client)[22m[39m [32m✨ new dependencies optimized: [33m@angular/core/rxjs-interop, rxjs[32m[39m
[2m2:53:23 PM[22m [36m[1m[vite][22m[39m [90m[2m(client)[22m[39m [32m✨ optimized dependencies changed. reloading[39m
[33m❯[39m Changes detected. Rebuilding...
[32m✔[39m Changes detected. Rebuilding...
Application bundle generation failed. [0.852 seconds] - 2026-05-02T09:06:17.105Z

[33m❯[39m Changes detected. Rebuilding...
[32m✔[39m Changes detected. Rebuilding...
Application bundle generation failed. [0.402 seconds] - 2026-05-02T09:51:21.895Z

[33m❯[39m Changes detected. Rebuilding...
[32m✔[39m Changes detected. Rebuilding...
Application bundle generation failed. [0.405 seconds] - 2026-05-02T09:51:25.994Z

[33m❯[39m Changes detected. Rebuilding...
[32m✔[39m Changes detected. Rebuilding...
Application bundle generation failed. [0.267 seconds] - 2026-05-02T09:51:53.815Z

[33m❯[39m Changes detected. Rebuilding...
[32m✔[39m Changes detected. Rebuilding...
Application bundle generation failed. [0.426 seconds] - 2026-05-02T09:51:58.390Z

[33m❯[39m Changes detected. Rebuilding...
[32m✔[39m Changes detected. Rebuilding...
Application bundle generation failed. [0.001 seconds] - 2026-05-02T09:52:10.660Z

[33m❯[39m Changes detected. Rebuilding...
[32m✔[39m Changes detected. Rebuilding...
Application bundle generation failed. [0.003 seconds] - 2026-05-02T09:52:21.444Z

[33m❯[39m Changes detected. Rebuilding...
[32m✔[39m Changes detected. Rebuilding...
Application bundle generation failed. [0.469 seconds] - 2026-05-02T09:52:26.225Z

[33m❯[39m Changes detected. Rebuilding...
[32m✔[39m Changes detected. Rebuilding...
Application bundle generation failed. [0.188 seconds] - 2026-05-02T09:52:34.142Z

[33m❯[39m Changes detected. Rebuilding...
[32m✔[39m Changes detected. Rebuilding...
Application bundle generation failed. [0.368 seconds] - 2026-05-02T09:52:43.269Z

[33m❯[39m Changes detected. Rebuilding...
[32m✔[39m Changes detected. Rebuilding...
Application bundle generation failed. [0.269 seconds] - 2026-05-02T09:53:01.134Z

[33m❯[39m Changes detected. Rebuilding...
[32m✔[39m Changes detected. Rebuilding...
Application bundle generation failed. [0.349 seconds] - 2026-05-02T09:53:06.028Z

[33m❯[39m Changes detected. Rebuilding...
[32m✔[39m Changes detected. Rebuilding...
Application bundle generation failed. [0.438 seconds] - 2026-05-02T09:53:10.230Z

[33m❯[39m Changes detected. Rebuilding...
[32m✔[39m Changes detected. Rebuilding...
Application bundle generation failed. [0.271 seconds] - 2026-05-02T09:53:13.981Z

[33m❯[39m Changes detected. Rebuilding...
[32m✔[39m Changes detected. Rebuilding...
Application bundle generation failed. [0.234 seconds] - 2026-05-02T09:53:17.876Z

[33m❯[39m Changes detected. Rebuilding...
[32m✔[39m Changes detected. Rebuilding...
Application bundle generation failed. [0.241 seconds] - 2026-05-02T09:53:25.812Z

[33m❯[39m Changes detected. Rebuilding...
[32m✔[39m Changes detected. Rebuilding...
Application bundle generation failed. [0.402 seconds] - 2026-05-02T09:54:43.669Z

[33m❯[39m Changes detected. Rebuilding...
[32m✔[39m Changes detected. Rebuilding...
Application bundle generation failed. [0.004 seconds] - 2026-05-02T09:55:06.160Z

[33m❯[39m Changes detected. Rebuilding...
[32m✔[39m Changes detected. Rebuilding...
Application bundle generation failed. [0.576 seconds] - 2026-05-02T09:59:03.001Z

[33m❯[39m Changes detected. Rebuilding...
[32m✔[39m Changes detected. Rebuilding...
Application bundle generation failed. [0.358 seconds] - 2026-05-02T09:59:09.895Z

[33m❯[39m Changes detected. Rebuilding...
[32m✔[39m Changes detected. Rebuilding...
Application bundle generation failed. [0.572 seconds] - 2026-05-02T10:02:11.106Z

[33m❯[39m Changes detected. Rebuilding...
[32m✔[39m Changes detected. Rebuilding...
Application bundle generation failed. [0.967 seconds] - 2026-05-02T10:05:28.417Z

[33m❯[39m Changes detected. Rebuilding...
[32m✔[39m Changes detected. Rebuilding...
Application bundle generation failed. [0.417 seconds] - 2026-05-02T10:05:37.459Z

[33m❯[39m Changes detected. Rebuilding...
[32m✔[39m Changes detected. Rebuilding...
Application bundle generation failed. [0.512 seconds] - 2026-05-02T10:05:47.131Z

[33m❯[39m Changes detected. Rebuilding...
[32m✔[39m Changes detected. Rebuilding...
Application bundle generation failed. [0.399 seconds] - 2026-05-02T10:05:54.061Z

[33m❯[39m Changes detected. Rebuilding...
[32m✔[39m Changes detected. Rebuilding...
Application bundle generation failed. [0.451 seconds] - 2026-05-02T10:06:00.751Z

[33m❯[39m Changes detected. Rebuilding...
[32m✔[39m Changes detected. Rebuilding...
Application bundle generation failed. [0.294 seconds] - 2026-05-02T10:06:07.009Z

[33m❯[39m Changes detected. Rebuilding...
[32m✔[39m Changes detected. Rebuilding...
[1mInitial chunk files[22m[2m | [22m[1mNames[22m                    [2m | [22m[1mRaw size[22m
[32mstyles.css[39m         [2m | [22m[2mstyles[22m                   [2m | [22m[36m28.14 kB[39m[2m | [22m
[32mmain.js[39m            [2m | [22m[2mmain[22m                     [2m | [22m[36m17.17 kB[39m[2m | [22m
[32mchunk-RIV7AKXK.js[39m  [2m | [22m[2m-[22m                        [2m | [22m [36m3.52 kB[39m[2m | [22m
[32mchunk-CZJLB7T5.js[39m  [2m | [22m[2m-[22m                        [2m | [22m [36m1.08 kB[39m[2m | [22m
[32mpolyfills.js[39m       [2m | [22m[2mpolyfills[22m                [2m | [22m[36m95 bytes[39m[2m | [22m

[1m [22m                  [2m | [22m[1mInitial total[22m            [2m | [22m[1m50.01 kB[22m

[1mLazy chunk files[22m   [2m | [22m[1mNames[22m                    [2m | [22m[1mRaw size[22m
[32mchunk-XRZ5ZEOF.js[39m  [2m | [22m[2mnews-form-component[22m      [2m | [22m[36m56.55 kB[39m[2m | [22m
[32mchunk-HC4MSG76.js[39m  [2m | [22m[2madmin-layout-component[22m   [2m | [22m[36m48.59 kB[39m[2m | [22m
[32mchunk-JWZJ64NL.js[39m  [2m | [22m[2mhome-component[22m           [2m | [22m[36m40.65 kB[39m[2m | [22m
[32mchunk-I3ZNHIGQ.js[39m  [2m | [22m[2m-[22m                        [2m | [22m[36m28.69 kB[39m[2m | [22m
[32mchunk-NUFWNCUJ.js[39m  [2m | [22m[2mnews-management-component[22m[2m | [22m[36m21.81 kB[39m[2m | [22m
[32mchunk-4H6DIONE.js[39m  [2m | [22m[2mteam-component[22m           [2m | [22m[36m19.61 kB[39m[2m | [22m
[32mchunk-Q43DP5RG.js[39m  [2m | [22m[2mmedia-library-component[22m  [2m | [22m[36m19.49 kB[39m[2m | [22m
[32mchunk-YDTOTB5C.js[39m  [2m | [22m[2mnews-detail-component[22m    [2m | [22m[36m17.41 kB[39m[2m | [22m
[32mchunk-VKBAFCZ4.js[39m  [2m | [22m[2mcategories-component[22m     [2m | [22m[36m17.37 kB[39m[2m | [22m
[32mchunk-I6OC5PCJ.js[39m  [2m | [22m[2mdashboard-component[22m      [2m | [22m[36m15.74 kB[39m[2m | [22m
[32mchunk-L2ZWGOIB.js[39m  [2m | [22m[2mbreaking-news-component[22m  [2m | [22m[36m15.51 kB[39m[2m | [22m
[32mchunk-6RKHDFXR.js[39m  [2m | [22m[2mcomments-component[22m       [2m | [22m[36m14.02 kB[39m[2m | [22m
[32mchunk-WSKUJI5W.js[39m  [2m | [22m[2mcategory-component[22m       [2m | [22m[36m13.74 kB[39m[2m | [22m
[32mchunk-JEEBWOCF.js[39m  [2m | [22m[2mnews-list-component[22m      [2m | [22m[36m12.80 kB[39m[2m | [22m
[32mchunk-HEN4EMYL.js[39m  [2m | [22m[2m-[22m                        [2m | [22m[36m11.97 kB[39m[2m | [22m
[2m...and 7 more lazy chunks files. Use "--verbose" to show all the files.[22m

Application bundle generation complete. [0.484 seconds] - 2026-05-02T10:07:32.008Z

Page reload sent to client(s).
[33m❯[39m Changes detected. Rebuilding...
[32m✔[39m Changes detected. Rebuilding...
Application bundle generation failed. [0.536 seconds] - 2026-05-02T10:14:46.384Z

[33m❯[39m Changes detected. Rebuilding...
[32m✔[39m Changes detected. Rebuilding...
Application bundle generation failed. [0.302 seconds] - 2026-05-02T10:15:31.144Z

[33m❯[39m Changes detected. Rebuilding...
[32m✔[39m Changes detected. Rebuilding...
Application bundle generation failed. [0.170 seconds] - 2026-05-02T10:15:46.308Z

[33m❯[39m Changes detected. Rebuilding...
[32m✔[39m Changes detected. Rebuilding...
[1mInitial chunk files[22m[2m | [22m[1mNames[22m                    [2m | [22m[1mRaw size[22m
[32mstyles.css[39m         [2m | [22m[2mstyles[22m                   [2m | [22m[36m28.14 kB[39m[2m | [22m
[32mmain.js[39m            [2m | [22m[2mmain[22m                     [2m | [22m[36m17.17 kB[39m[2m | [22m
[32mchunk-RIV7AKXK.js[39m  [2m | [22m[2m-[22m                        [2m | [22m [36m3.52 kB[39m[2m | [22m
[32mchunk-CZJLB7T5.js[39m  [2m | [22m[2m-[22m                        [2m | [22m [36m1.08 kB[39m[2m | [22m
[32mpolyfills.js[39m       [2m | [22m[2mpolyfills[22m                [2m | [22m[36m95 bytes[39m[2m | [22m

[1m [22m                  [2m | [22m[1mInitial total[22m            [2m | [22m[1m50.01 kB[22m

[1mLazy chunk files[22m   [2m | [22m[1mNames[22m                    [2m | [22m[1mRaw size[22m
[32mchunk-BHY65GAN.js[39m  [2m | [22m[2madmin-layout-component[22m   [2m | [22m[36m67.17 kB[39m[2m | [22m
[32mchunk-PFYWTI4W.js[39m  [2m | [22m[2mnews-form-component[22m      [2m | [22m[36m56.55 kB[39m[2m | [22m
[32mchunk-JWZJ64NL.js[39m  [2m | [22m[2mhome-component[22m           [2m | [22m[36m40.65 kB[39m[2m | [22m
[32mchunk-SJIZJ7XE.js[39m  [2m | [22m[2m-[22m                        [2m | [22m[36m31.08 kB[39m[2m | [22m
[32mchunk-7SEYYVOO.js[39m  [2m | [22m[2mnews-management-component[22m[2m | [22m[36m21.81 kB[39m[2m | [22m
[32mchunk-YEVSIXB3.js[39m  [2m | [22m[2mteam-component[22m           [2m | [22m[36m19.61 kB[39m[2m | [22m
[32mchunk-QBDZP2KY.js[39m  [2m | [22m[2mmedia-library-component[22m  [2m | [22m[36m19.49 kB[39m[2m | [22m
[32mchunk-YDTOTB5C.js[39m  [2m | [22m[2mnews-detail-component[22m    [2m | [22m[36m17.41 kB[39m[2m | [22m
[32mchunk-4KR3EPCB.js[39m  [2m | [22m[2mcategories-component[22m     [2m | [22m[36m17.37 kB[39m[2m | [22m
[32mchunk-4WHGIDGR.js[39m  [2m | [22m[2mdashboard-component[22m      [2m | [22m[36m15.74 kB[39m[2m | [22m
[32mchunk-XHP5DNKD.js[39m  [2m | [22m[2mbreaking-news-component[22m  [2m | [22m[36m15.51 kB[39m[2m | [22m
[32mchunk-NG3KPEGF.js[39m  [2m | [22m[2mcomments-component[22m       [2m | [22m[36m14.02 kB[39m[2m | [22m
[32mchunk-WSKUJI5W.js[39m  [2m | [22m[2mcategory-component[22m       [2m | [22m[36m13.74 kB[39m[2m | [22m
[32mchunk-JEEBWOCF.js[39m  [2m | [22m[2mnews-list-component[22m      [2m | [22m[36m12.80 kB[39m[2m | [22m
[32mchunk-HEN4EMYL.js[39m  [2m | [22m[2m-[22m                        [2m | [22m[36m11.97 kB[39m[2m | [22m
[2m...and 7 more lazy chunks files. Use "--verbose" to show all the files.[22m

Application bundle generation complete. [0.360 seconds] - 2026-05-02T10:15:59.728Z

Page reload sent to client(s).
[33m❯[39m Changes detected. Rebuilding...
[32m✔[39m Changes detected. Rebuilding...
[1mInitial chunk files[22m[2m | [22m[1mNames[22m                    [2m | [22m[1mRaw size[22m
[32mmain.js[39m            [2m | [22m[2mmain[22m                     [2m | [22m[36m17.17 kB[39m[2m | [22m
[32mchunk-SDN6CPZ2.js[39m  [2m | [22m[2m-[22m                        [2m | [22m [36m3.52 kB[39m[2m | [22m
[32mchunk-EVSPGG2W.js[39m  [2m | [22m[2m-[22m                        [2m | [22m [36m1.64 kB[39m[2m | [22m

[1mLazy chunk files[22m   [2m | [22m[1mNames[22m                    [2m | [22m[1mRaw size[22m
[32mchunk-ZVOIBUGL.js[39m  [2m | [22m[2madmin-layout-component[22m   [2m | [22m[36m64.30 kB[39m[2m | [22m
[32mchunk-M7LLWIIP.js[39m  [2m | [22m[2mnews-form-component[22m      [2m | [22m[36m56.55 kB[39m[2m | [22m
[32mchunk-7CDYAG7F.js[39m  [2m | [22m[2mhome-component[22m           [2m | [22m[36m40.65 kB[39m[2m | [22m
[32mchunk-FLOAEQV6.js[39m  [2m | [22m[2m-[22m                        [2m | [22m[36m31.08 kB[39m[2m | [22m
[32mchunk-KYO6Y3XB.js[39m  [2m | [22m[2mnews-management-component[22m[2m | [22m[36m22.42 kB[39m[2m | [22m
[32mchunk-JM3ORLFQ.js[39m  [2m | [22m[2mteam-component[22m           [2m | [22m[36m19.61 kB[39m[2m | [22m
[32mchunk-SGIE3WGZ.js[39m  [2m | [22m[2mmedia-library-component[22m  [2m | [22m[36m19.49 kB[39m[2m | [22m
[32mchunk-FHOZ6XDI.js[39m  [2m | [22m[2mnews-detail-component[22m    [2m | [22m[36m17.41 kB[39m[2m | [22m
[32mchunk-XZL6PIAA.js[39m  [2m | [22m[2mcategories-component[22m     [2m | [22m[36m17.37 kB[39m[2m | [22m
[32mchunk-AOIHCLBK.js[39m  [2m | [22m[2mdashboard-component[22m      [2m | [22m[36m15.74 kB[39m[2m | [22m
[32mchunk-NEV43CXQ.js[39m  [2m | [22m[2mbreaking-news-component[22m  [2m | [22m[36m15.51 kB[39m[2m | [22m
[32mchunk-XTZJHW2B.js[39m  [2m | [22m[2mcomments-component[22m       [2m | [22m[36m14.02 kB[39m[2m | [22m
[32mchunk-UQKGKBPH.js[39m  [2m | [22m[2mcategory-component[22m       [2m | [22m[36m13.74 kB[39m[2m | [22m
[32mchunk-WA5X6QN7.js[39m  [2m | [22m[2mnews-list-component[22m      [2m | [22m[36m12.80 kB[39m[2m | [22m
[32mchunk-5OJRSR2Z.js[39m  [2m | [22m[2m-[22m                        [2m | [22m[36m11.97 kB[39m[2m | [22m
[2m...and 8 more lazy chunks files. Use "--verbose" to show all the files.[22m

Application bundle generation complete. [0.382 seconds] - 2026-05-02T10:16:30.649Z

Page reload sent to client(s).
[33m❯[39m Changes detected. Rebuilding...
[32m✔[39m Changes detected. Rebuilding...
[1mInitial chunk files[22m[2m | [22m[1mNames[22m               [2m | [22m[1mRaw size[22m
[32mmain.js[39m            [2m | [22m[2mmain[22m                [2m | [22m[36m17.17 kB[39m[2m | [22m

[1mLazy chunk files[22m   [2m | [22m[1mNames[22m               [2m | [22m[1mRaw size[22m
[32mchunk-T5JCTX22.js[39m  [2m | [22m[2mcategories-component[22m[2m | [22m[36m18.25 kB[39m[2m | [22m

Application bundle generation complete. [0.325 seconds] - 2026-05-02T10:16:48.758Z

Page reload sent to client(s).
[33m❯[39m Changes detected. Rebuilding...
[32m✔[39m Changes detected. Rebuilding...
[1mInitial chunk files[22m[2m | [22m[1mNames[22m         [2m | [22m[1mRaw size[22m
[32mmain.js[39m            [2m | [22m[2mmain[22m          [2m | [22m[36m17.17 kB[39m[2m | [22m

[1mLazy chunk files[22m   [2m | [22m[1mNames[22m         [2m | [22m[1mRaw size[22m
[32mchunk-Q6J23UIB.js[39m  [2m | [22m[2mteam-component[22m[2m | [22m[36m20.49 kB[39m[2m | [22m

Application bundle generation complete. [0.489 seconds] - 2026-05-02T10:17:05.512Z

Page reload sent to client(s).
[33m❯[39m Changes detected. Rebuilding...
[32m✔[39m Changes detected. Rebuilding...
[1mInitial chunk files[22m[2m | [22m[1mNames[22m             [2m | [22m[1mRaw size[22m
[32mmain.js[39m            [2m | [22m[2mmain[22m              [2m | [22m[36m17.17 kB[39m[2m | [22m

[1mLazy chunk files[22m   [2m | [22m[1mNames[22m             [2m | [22m[1mRaw size[22m
[32mchunk-K7JAPJCH.js[39m  [2m | [22m[2mcomments-component[22m[2m | [22m[36m14.83 kB[39m[2m | [22m

Application bundle generation complete. [0.279 seconds] - 2026-05-02T10:17:17.362Z

Page reload sent to client(s).
[33m❯[39m Changes detected. Rebuilding...
[32m✔[39m Changes detected. Rebuilding...
[1mInitial chunk files[22m[2m | [22m[1mNames[22m                  [2m | [22m[1mRaw size[22m
[32mmain.js[39m            [2m | [22m[2mmain[22m                   [2m | [22m[36m17.17 kB[39m[2m | [22m

[1mLazy chunk files[22m   [2m | [22m[1mNames[22m                  [2m | [22m[1mRaw size[22m
[32mchunk-7TCBK7MQ.js[39m  [2m | [22m[2mbreaking-news-component[22m[2m | [22m[36m16.59 kB[39m[2m | [22m

Application bundle generation complete. [0.433 seconds] - 2026-05-02T10:17:32.831Z

Page reload sent to client(s).
[33m❯[39m Changes detected. Rebuilding...
[32m✔[39m Changes detected. Rebuilding...
Application bundle generation failed. [0.306 seconds] - 2026-05-02T10:17:47.150Z

[33m❯[39m Changes detected. Rebuilding...
[32m✔[39m Changes detected. Rebuilding...
[1mInitial chunk files[22m[2m | [22m[1mNames[22m                    [2m | [22m[1mRaw size[22m
[32mstyles.css[39m         [2m | [22m[2mstyles[22m                   [2m | [22m[36m28.14 kB[39m[2m | [22m
[32mmain.js[39m            [2m | [22m[2mmain[22m                     [2m | [22m[36m17.17 kB[39m[2m | [22m
[32mchunk-SDN6CPZ2.js[39m  [2m | [22m[2m-[22m                        [2m | [22m [36m3.52 kB[39m[2m | [22m
[32mchunk-EVSPGG2W.js[39m  [2m | [22m[2m-[22m                        [2m | [22m [36m1.64 kB[39m[2m | [22m
[32mpolyfills.js[39m       [2m | [22m[2mpolyfills[22m                [2m | [22m[36m95 bytes[39m[2m | [22m

[1m [22m                  [2m | [22m[1mInitial total[22m            [2m | [22m[1m50.57 kB[22m

[1mLazy chunk files[22m   [2m | [22m[1mNames[22m                    [2m | [22m[1mRaw size[22m
[32mchunk-ZVOIBUGL.js[39m  [2m | [22m[2madmin-layout-component[22m   [2m | [22m[36m64.30 kB[39m[2m | [22m
[32mchunk-M7LLWIIP.js[39m  [2m | [22m[2mnews-form-component[22m      [2m | [22m[36m56.55 kB[39m[2m | [22m
[32mchunk-7CDYAG7F.js[39m  [2m | [22m[2mhome-component[22m           [2m | [22m[36m40.65 kB[39m[2m | [22m
[32mchunk-FLOAEQV6.js[39m  [2m | [22m[2m-[22m                        [2m | [22m[36m31.08 kB[39m[2m | [22m
[32mchunk-KYO6Y3XB.js[39m  [2m | [22m[2mnews-management-component[22m[2m | [22m[36m22.42 kB[39m[2m | [22m
[32mchunk-Q6J23UIB.js[39m  [2m | [22m[2mteam-component[22m           [2m | [22m[36m20.49 kB[39m[2m | [22m
[32mchunk-NDW2JK4E.js[39m  [2m | [22m[2mmedia-library-component[22m  [2m | [22m[36m19.45 kB[39m[2m | [22m
[32mchunk-T5JCTX22.js[39m  [2m | [22m[2mcategories-component[22m     [2m | [22m[36m18.25 kB[39m[2m | [22m
[32mchunk-FHOZ6XDI.js[39m  [2m | [22m[2mnews-detail-component[22m    [2m | [22m[36m17.41 kB[39m[2m | [22m
[32mchunk-7TCBK7MQ.js[39m  [2m | [22m[2mbreaking-news-component[22m  [2m | [22m[36m16.59 kB[39m[2m | [22m
[32mchunk-AOIHCLBK.js[39m  [2m | [22m[2mdashboard-component[22m      [2m | [22m[36m15.74 kB[39m[2m | [22m
[32mchunk-K7JAPJCH.js[39m  [2m | [22m[2mcomments-component[22m       [2m | [22m[36m14.83 kB[39m[2m | [22m
[32mchunk-UQKGKBPH.js[39m  [2m | [22m[2mcategory-component[22m       [2m | [22m[36m13.74 kB[39m[2m | [22m
[32mchunk-WA5X6QN7.js[39m  [2m | [22m[2mnews-list-component[22m      [2m | [22m[36m12.80 kB[39m[2m | [22m
[32mchunk-5OJRSR2Z.js[39m  [2m | [22m[2m-[22m                        [2m | [22m[36m11.97 kB[39m[2m | [22m
[2m...and 8 more lazy chunks files. Use "--verbose" to show all the files.[22m

Application bundle generation complete. [0.200 seconds] - 2026-05-02T10:17:52.546Z

Page reload sent to client(s).
[33m❯[39m Changes detected. Rebuilding...
[32m✔[39m Changes detected. Rebuilding...
[1mInitial chunk files[22m[2m | [22m[1mNames[22m                    [2m | [22m[1mRaw size[22m
[32mmain.js[39m            [2m | [22m[2mmain[22m                     [2m | [22m[36m17.17 kB[39m[2m | [22m

[1mLazy chunk files[22m   [2m | [22m[1mNames[22m                    [2m | [22m[1mRaw size[22m
[32mchunk-GDGNZJQS.js[39m  [2m | [22m[2madmin-layout-component[22m   [2m | [22m[36m64.34 kB[39m[2m | [22m
[32mchunk-7DCI7K63.js[39m  [2m | [22m[2mnews-form-component[22m      [2m | [22m[36m57.16 kB[39m[2m | [22m
[32mchunk-HSFB4PAE.js[39m  [2m | [22m[2mnews-management-component[22m[2m | [22m[36m22.46 kB[39m[2m | [22m
[32mchunk-XXM7FLUV.js[39m  [2m | [22m[2mteam-component[22m           [2m | [22m[36m20.53 kB[39m[2m | [22m
[32mchunk-BF244F6U.js[39m  [2m | [22m[2mmedia-library-component[22m  [2m | [22m[36m19.49 kB[39m[2m | [22m
[32mchunk-BPLNJXVB.js[39m  [2m | [22m[2mcategories-component[22m     [2m | [22m[36m18.29 kB[39m[2m | [22m
[32mchunk-UJXTYM6K.js[39m  [2m | [22m[2mbreaking-news-component[22m  [2m | [22m[36m16.63 kB[39m[2m | [22m
[32mchunk-AZ4DVGZJ.js[39m  [2m | [22m[2mcomments-component[22m       [2m | [22m[36m14.87 kB[39m[2m | [22m
[32mchunk-QWBWKLKN.js[39m  [2m | [22m[2m-[22m                        [2m | [22m [36m1.54 kB[39m[2m | [22m
[32mchunk-6BMSQ6SF.js[39m  [2m | [22m[2m-[22m                        [2m | [22m [36m1.45 kB[39m[2m | [22m

Application bundle generation complete. [0.562 seconds] - 2026-05-02T10:18:15.213Z

Page reload sent to client(s).
[33m❯[39m Changes detected. Rebuilding...
[32m✔[39m Changes detected. Rebuilding...
[1mInitial chunk files[22m[2m | [22m[1mNames[22m          [2m | [22m[1mRaw size[22m
[32mmain.js[39m            [2m | [22m[2mmain[22m           [2m | [22m[36m17.17 kB[39m[2m | [22m

[1mLazy chunk files[22m   [2m | [22m[1mNames[22m          [2m | [22m[1mRaw size[22m
[32mchunk-RIHMJ5SC.js[39m  [2m | [22m[2mlogin-component[22m[2m | [22m[36m10.70 kB[39m[2m | [22m

Application bundle generation complete. [0.220 seconds] - 2026-05-02T10:18:20.902Z

Page reload sent to client(s).
[33m❯[39m Changes detected. Rebuilding...
[32m✔[39m Changes detected. Rebuilding...
[1mInitial chunk files[22m[2m | [22m[1mNames[22m                 [2m | [22m[1mRaw size[22m
[32mmain.js[39m            [2m | [22m[2mmain[22m                  [2m | [22m[36m17.17 kB[39m[2m | [22m

[1mLazy chunk files[22m   [2m | [22m[1mNames[22m                 [2m | [22m[1mRaw size[22m
[32mchunk-3TLED5YT.js[39m  [2m | [22m[2madmin-layout-component[22m[2m | [22m[36m64.33 kB[39m[2m | [22m

Application bundle generation complete. [0.178 seconds] - 2026-05-02T10:18:35.874Z

Component update sent to client(s).
[33m❯[39m Changes detected. Rebuilding...
[32m✔[39m Changes detected. Rebuilding...
[1mInitial chunk files[22m[2m | [22m[1mNames[22m              [2m | [22m[1mRaw size[22m
[32mmain.js[39m            [2m | [22m[2mmain[22m               [2m | [22m[36m17.17 kB[39m[2m | [22m

[1mLazy chunk files[22m   [2m | [22m[1mNames[22m              [2m | [22m[1mRaw size[22m
[32mchunk-5ZS5KXBJ.js[39m  [2m | [22m[2mdashboard-component[22m[2m | [22m[36m15.68 kB[39m[2m | [22m

Application bundle generation complete. [0.947 seconds] - 2026-05-02T10:19:20.198Z

Page reload sent to client(s).
[33m❯[39m Changes detected. Rebuilding...
[32m✔[39m Changes detected. Rebuilding...
[1mInitial chunk files[22m[2m | [22m[1mNames[22m              [2m | [22m[1mRaw size[22m
[32mmain.js[39m            [2m | [22m[2mmain[22m               [2m | [22m[36m17.17 kB[39m[2m | [22m

[1mLazy chunk files[22m   [2m | [22m[1mNames[22m              [2m | [22m[1mRaw size[22m
[32mchunk-UPMJL2A3.js[39m  [2m | [22m[2mdashboard-component[22m[2m | [22m[36m15.75 kB[39m[2m | [22m

Application bundle generation complete. [0.271 seconds] - 2026-05-02T10:20:09.683Z

Page reload sent to client(s).
[33m❯[39m Changes detected. Rebuilding...
[32m✔[39m Changes detected. Rebuilding...
[1mInitial chunk files[22m[2m | [22m[1mNames[22m[2m | [22m[1mRaw size[22m
[32mmain.js[39m            [2m | [22m[2mmain[22m [2m | [22m[36m20.50 kB[39m[2m | [22m

Application bundle generation complete. [0.265 seconds] - 2026-05-02T10:47:38.831Z

Page reload sent to client(s).
[33m❯[39m Changes detected. Rebuilding...
[32m✔[39m Changes detected. Rebuilding...
[1mInitial chunk files[22m[2m | [22m[1mNames[22m[2m | [22m[1mRaw size[22m
[32mmain.js[39m            [2m | [22m[2mmain[22m [2m | [22m[36m21.89 kB[39m[2m | [22m

Application bundle generation complete. [0.363 seconds] - 2026-05-02T10:47:49.574Z

Component update sent to client(s).
[33m❯[39m Changes detected. Rebuilding...
[32m✔[39m Changes detected. Rebuilding...
[1mInitial chunk files[22m[2m | [22m[1mNames[22m              [2m | [22m[1mRaw size[22m
[32mmain.js[39m            [2m | [22m[2mmain[22m               [2m | [22m[36m21.89 kB[39m[2m | [22m

[1mLazy chunk files[22m   [2m | [22m[1mNames[22m              [2m | [22m[1mRaw size[22m
[32mchunk-6IZ2U6NO.js[39m  [2m | [22m[2mnews-list-component[22m[2m | [22m[36m13.52 kB[39m[2m | [22m

Application bundle generation complete. [0.334 seconds] - 2026-05-02T10:48:08.074Z

Page reload sent to client(s).
[33m❯[39m Changes detected. Rebuilding...
[32m✔[39m Changes detected. Rebuilding...
[1mInitial chunk files[22m[2m | [22m[1mNames[22m              [2m | [22m[1mRaw size[22m
[32mmain.js[39m            [2m | [22m[2mmain[22m               [2m | [22m[36m21.89 kB[39m[2m | [22m

[1mLazy chunk files[22m   [2m | [22m[1mNames[22m              [2m | [22m[1mRaw size[22m
[32mchunk-ER3EPECD.js[39m  [2m | [22m[2mnews-list-component[22m[2m | [22m[36m14.52 kB[39m[2m | [22m

Application bundle generation complete. [0.202 seconds] - 2026-05-02T10:48:18.591Z

Component update sent to client(s).
[33m❯[39m Changes detected. Rebuilding...
[32m✔[39m Changes detected. Rebuilding...
[1mInitial chunk files[22m[2m | [22m[1mNames[22m                    [2m | [22m[1mRaw size[22m
[32mmain.js[39m            [2m | [22m[2mmain[22m                     [2m | [22m[36m21.89 kB[39m[2m | [22m

[1mLazy chunk files[22m   [2m | [22m[1mNames[22m                    [2m | [22m[1mRaw size[22m
[32mchunk-CHFFAXYK.js[39m  [2m | [22m[2mnews-management-component[22m[2m | [22m[36m22.80 kB[39m[2m | [22m

Application bundle generation complete. [0.503 seconds] - 2026-05-02T10:48:28.403Z

Page reload sent to client(s).
[33m❯[39m Changes detected. Rebuilding...
[32m✔[39m Changes detected. Rebuilding...
[1mInitial chunk files[22m[2m | [22m[1mNames[22m                    [2m | [22m[1mRaw size[22m
[32mmain.js[39m            [2m | [22m[2mmain[22m                     [2m | [22m[36m21.89 kB[39m[2m | [22m

[1mLazy chunk files[22m   [2m | [22m[1mNames[22m                    [2m | [22m[1mRaw size[22m
[32mchunk-UFN63WAD.js[39m  [2m | [22m[2mnews-management-component[22m[2m | [22m[36m23.20 kB[39m[2m | [22m

Application bundle generation complete. [0.303 seconds] - 2026-05-02T10:48:58.498Z

Component update sent to client(s).
[33m❯[39m Changes detected. Rebuilding...
[32m✔[39m Changes detected. Rebuilding...
[1mInitial chunk files[22m[2m | [22m[1mNames[22m                    [2m | [22m[1mRaw size[22m
[32mmain.js[39m            [2m | [22m[2mmain[22m                     [2m | [22m[36m21.89 kB[39m[2m | [22m

[1mLazy chunk files[22m   [2m | [22m[1mNames[22m                    [2m | [22m[1mRaw size[22m
[32mchunk-5OZNA4SB.js[39m  [2m | [22m[2mnews-management-component[22m[2m | [22m[36m23.55 kB[39m[2m | [22m

Application bundle generation complete. [0.337 seconds] - 2026-05-02T10:49:16.844Z

Page reload sent to client(s).
[33m❯[39m Changes detected. Rebuilding...
[32m✔[39m Changes detected. Rebuilding...
[1mInitial chunk files[22m[2m | [22m[1mNames[22m                    [2m | [22m[1mRaw size[22m
[32mmain.js[39m            [2m | [22m[2mmain[22m                     [2m | [22m[36m21.89 kB[39m[2m | [22m

[1mLazy chunk files[22m   [2m | [22m[1mNames[22m                    [2m | [22m[1mRaw size[22m
[32mchunk-XNAYBYBE.js[39m  [2m | [22m[2mnews-management-component[22m[2m | [22m[36m23.59 kB[39m[2m | [22m

Application bundle generation complete. [0.358 seconds] - 2026-05-02T10:49:24.943Z

Page reload sent to client(s).
[33m❯[39m Changes detected. Rebuilding...
[32m✔[39m Changes detected. Rebuilding...
[1mInitial chunk files[22m[2m | [22m[1mNames[22m                 [2m | [22m[1mRaw size[22m
[32mmain.js[39m            [2m | [22m[2mmain[22m                  [2m | [22m[36m21.89 kB[39m[2m | [22m

[1mLazy chunk files[22m   [2m | [22m[1mNames[22m                 [2m | [22m[1mRaw size[22m
[32mchunk-E4EICTAR.js[39m  [2m | [22m[2madmin-layout-component[22m[2m | [22m[36m65.19 kB[39m[2m | [22m

Application bundle generation complete. [0.254 seconds] - 2026-05-02T10:49:34.380Z

Page reload sent to client(s).
[33m❯[39m Changes detected. Rebuilding...
[32m✔[39m Changes detected. Rebuilding...
[1mInitial chunk files[22m[2m | [22m[1mNames[22m                 [2m | [22m[1mRaw size[22m
[32mmain.js[39m            [2m | [22m[2mmain[22m                  [2m | [22m[36m21.89 kB[39m[2m | [22m

[1mLazy chunk files[22m   [2m | [22m[1mNames[22m                 [2m | [22m[1mRaw size[22m
[32mchunk-TCNM6XGE.js[39m  [2m | [22m[2madmin-layout-component[22m[2m | [22m[36m65.90 kB[39m[2m | [22m

Application bundle generation complete. [0.237 seconds] - 2026-05-02T10:49:38.787Z

Component update sent to client(s).
[33m❯[39m Changes detected. Rebuilding...
[32m✔[39m Changes detected. Rebuilding...
[1mInitial chunk files[22m[2m | [22m[1mNames[22m         [2m | [22m[1mRaw size[22m
[32mmain.js[39m            [2m | [22m[2mmain[22m          [2m | [22m[36m21.89 kB[39m[2m | [22m

[1mLazy chunk files[22m   [2m | [22m[1mNames[22m         [2m | [22m[1mRaw size[22m
[32mchunk-BL7O6V27.js[39m  [2m | [22m[2mhome-component[22m[2m | [22m[36m42.91 kB[39m[2m | [22m

Application bundle generation complete. [0.367 seconds] - 2026-05-02T10:56:30.958Z

Page reload sent to client(s).
[33m❯[39m Changes detected. Rebuilding...
[32m✔[39m Changes detected. Rebuilding...
[1mInitial chunk files[22m[2m | [22m[1mNames[22m         [2m | [22m[1mRaw size[22m
[32mmain.js[39m            [2m | [22m[2mmain[22m          [2m | [22m[36m21.89 kB[39m[2m | [22m

[1mLazy chunk files[22m   [2m | [22m[1mNames[22m         [2m | [22m[1mRaw size[22m
[32mchunk-3ITBAJXC.js[39m  [2m | [22m[2mhome-component[22m[2m | [22m[36m43.39 kB[39m[2m | [22m

Application bundle generation complete. [0.326 seconds] - 2026-05-02T10:56:36.054Z

Component update sent to client(s).
[33m❯[39m Changes detected. Rebuilding...
[32m✔[39m Changes detected. Rebuilding...
[1mInitial chunk files[22m[2m | [22m[1mNames[22m         [2m | [22m[1mRaw size[22m
[32mmain.js[39m            [2m | [22m[2mmain[22m          [2m | [22m[36m21.89 kB[39m[2m | [22m

[1mLazy chunk files[22m   [2m | [22m[1mNames[22m         [2m | [22m[1mRaw size[22m
[32mchunk-TLZDYJKN.js[39m  [2m | [22m[2mhome-component[22m[2m | [22m[36m43.60 kB[39m[2m | [22m

Application bundle generation complete. [0.258 seconds] - 2026-05-02T10:56:42.559Z

Component update sent to client(s).
[33m❯[39m Changes detected. Rebuilding...
[32m✔[39m Changes detected. Rebuilding...
[1mInitial chunk files[22m[2m | [22m[1mNames[22m              [2m | [22m[1mRaw size[22m
[32mmain.js[39m            [2m | [22m[2mmain[22m               [2m | [22m[36m21.89 kB[39m[2m | [22m

[1mLazy chunk files[22m   [2m | [22m[1mNames[22m              [2m | [22m[1mRaw size[22m
[32mchunk-63ODFGTH.js[39m  [2m | [22m[2mhome-component[22m     [2m | [22m[36m41.51 kB[39m[2m | [22m
[32mchunk-4PI5GCJ4.js[39m  [2m | [22m[2mnews-list-component[22m[2m | [22m[36m14.64 kB[39m[2m | [22m
[32mchunk-EHQFYLVP.js[39m  [2m | [22m[2m-[22m                  [2m | [22m [36m2.23 kB[39m[2m | [22m

Application bundle generation complete. [0.261 seconds] - 2026-05-02T10:56:51.481Z

Page reload sent to client(s).
[33m❯[39m Changes detected. Rebuilding...
[32m✔[39m Changes detected. Rebuilding...
[1mInitial chunk files[22m[2m | [22m[1mNames[22m              [2m | [22m[1mRaw size[22m
[32mmain.js[39m            [2m | [22m[2mmain[22m               [2m | [22m[36m21.89 kB[39m[2m | [22m

[1mLazy chunk files[22m   [2m | [22m[1mNames[22m              [2m | [22m[1mRaw size[22m
[32mchunk-BFCOL5II.js[39m  [2m | [22m[2mnews-list-component[22m[2m | [22m[36m14.70 kB[39m[2m | [22m

Application bundle generation complete. [0.285 seconds] - 2026-05-02T10:56:54.916Z

Component update sent to client(s).
[33m❯[39m Changes detected. Rebuilding...
[32m✔[39m Changes detected. Rebuilding...
[1mInitial chunk files[22m[2m | [22m[1mNames[22m             [2m | [22m[1mRaw size[22m
[32mmain.js[39m            [2m | [22m[2mmain[22m              [2m | [22m[36m21.89 kB[39m[2m | [22m

[1mLazy chunk files[22m   [2m | [22m[1mNames[22m             [2m | [22m[1mRaw size[22m
[32mchunk-COS6EGY7.js[39m  [2m | [22m[2mcategory-component[22m[2m | [22m[36m13.83 kB[39m[2m | [22m

Application bundle generation complete. [0.385 seconds] - 2026-05-02T10:57:28.615Z

Page reload sent to client(s).
[33m❯[39m Changes detected. Rebuilding...
[32m✔[39m Changes detected. Rebuilding...
[1mInitial chunk files[22m[2m | [22m[1mNames[22m             [2m | [22m[1mRaw size[22m
[32mmain.js[39m            [2m | [22m[2mmain[22m              [2m | [22m[36m21.89 kB[39m[2m | [22m

[1mLazy chunk files[22m   [2m | [22m[1mNames[22m             [2m | [22m[1mRaw size[22m
[32mchunk-DBT7XQIN.js[39m  [2m | [22m[2mcategory-component[22m[2m | [22m[36m13.89 kB[39m[2m | [22m

Application bundle generation complete. [0.261 seconds] - 2026-05-02T10:57:34.659Z

Component update sent to client(s).
[33m❯[39m Changes detected. Rebuilding...
[32m✔[39m Changes detected. Rebuilding...
[1mInitial chunk files[22m[2m | [22m[1mNames[22m                [2m | [22m[1mRaw size[22m
[32mmain.js[39m            [2m | [22m[2mmain[22m                 [2m | [22m[36m21.89 kB[39m[2m | [22m

[1mLazy chunk files[22m   [2m | [22m[1mNames[22m                [2m | [22m[1mRaw size[22m
[32mchunk-TK2ZEJS7.js[39m  [2m | [22m[2mnews-detail-component[22m[2m | [22m[36m17.58 kB[39m[2m | [22m

Application bundle generation complete. [0.336 seconds] - 2026-05-02T10:58:04.936Z

Page reload sent to client(s).
[33m❯[39m Changes detected. Rebuilding...
[32m✔[39m Changes detected. Rebuilding...
[1mInitial chunk files[22m[2m | [22m[1mNames[22m                [2m | [22m[1mRaw size[22m
[32mmain.js[39m            [2m | [22m[2mmain[22m                 [2m | [22m[36m21.89 kB[39m[2m | [22m

[1mLazy chunk files[22m   [2m | [22m[1mNames[22m                [2m | [22m[1mRaw size[22m
[32mchunk-FRMS5KQK.js[39m  [2m | [22m[2mnews-detail-component[22m[2m | [22m[36m17.71 kB[39m[2m | [22m

Application bundle generation complete. [0.274 seconds] - 2026-05-02T10:58:08.920Z

Component update sent to client(s).
[33m❯[39m Changes detected. Rebuilding...
[32m✔[39m Changes detected. Rebuilding...
[1mInitial chunk files[22m[2m | [22m[1mNames[22m                    [2m | [22m[1mRaw size[22m
[32mmain.js[39m            [2m | [22m[2mmain[22m                     [2m | [22m[36m21.89 kB[39m[2m | [22m

[1mLazy chunk files[22m   [2m | [22m[1mNames[22m                    [2m | [22m[1mRaw size[22m
[32mchunk-NOS4ZRUD.js[39m  [2m | [22m[2mnews-management-component[22m[2m | [22m[36m23.78 kB[39m[2m | [22m

Application bundle generation complete. [0.539 seconds] - 2026-05-02T10:58:17.254Z

Page reload sent to client(s).
[33m❯[39m Changes detected. Rebuilding...
[32m✔[39m Changes detected. Rebuilding...
[1mInitial chunk files[22m[2m | [22m[1mNames[22m                    [2m | [22m[1mRaw size[22m
[32mmain.js[39m            [2m | [22m[2mmain[22m                     [2m | [22m[36m21.89 kB[39m[2m | [22m

[1mLazy chunk files[22m   [2m | [22m[1mNames[22m                    [2m | [22m[1mRaw size[22m
[32mchunk-CO2L4TQX.js[39m  [2m | [22m[2mnews-management-component[22m[2m | [22m[36m23.75 kB[39m[2m | [22m

Application bundle generation complete. [0.251 seconds] - 2026-05-02T10:58:20.929Z

Component update sent to client(s).
[33m❯[39m Changes detected. Rebuilding...
[32m✔[39m Changes detected. Rebuilding...
Application bundle generation failed. [0.545 seconds] - 2026-05-02T11:02:18.831Z

[33m❯[39m Changes detected. Rebuilding...
[32m✔[39m Changes detected. Rebuilding...
Application bundle generation failed. [0.140 seconds] - 2026-05-02T11:02:24.642Z

[33m❯[39m Changes detected. Rebuilding...
[32m✔[39m Changes detected. Rebuilding...
Application bundle generation failed. [0.647 seconds] - 2026-05-02T11:02:35.952Z

[33m❯[39m Changes detected. Rebuilding...
[32m✔[39m Changes detected. Rebuilding...
[1mInitial chunk files[22m[2m | [22m[1mNames[22m                    [2m | [22m[1mRaw size[22m
[32mstyles.css[39m         [2m | [22m[2mstyles[22m                   [2m | [22m[36m28.14 kB[39m[2m | [22m
[32mmain.js[39m            [2m | [22m[2mmain[22m                     [2m | [22m[36m21.89 kB[39m[2m | [22m
[32mchunk-SDN6CPZ2.js[39m  [2m | [22m[2m-[22m                        [2m | [22m [36m3.52 kB[39m[2m | [22m
[32mchunk-EVSPGG2W.js[39m  [2m | [22m[2m-[22m                        [2m | [22m [36m1.64 kB[39m[2m | [22m
[32mpolyfills.js[39m       [2m | [22m[2mpolyfills[22m                [2m | [22m[36m95 bytes[39m[2m | [22m

[1m [22m                  [2m | [22m[1mInitial total[22m            [2m | [22m[1m55.28 kB[22m

[1mLazy chunk files[22m   [2m | [22m[1mNames[22m                    [2m | [22m[1mRaw size[22m
[32mchunk-TCNM6XGE.js[39m  [2m | [22m[2madmin-layout-component[22m   [2m | [22m[36m65.90 kB[39m[2m | [22m
[32mchunk-3YFYZLCH.js[39m  [2m | [22m[2mnews-form-component[22m      [2m | [22m[36m57.16 kB[39m[2m | [22m
[32mchunk-PTTIM5PQ.js[39m  [2m | [22m[2mhome-component[22m           [2m | [22m[36m41.51 kB[39m[2m | [22m
[32mchunk-FLOAEQV6.js[39m  [2m | [22m[2m-[22m                        [2m | [22m[36m31.08 kB[39m[2m | [22m
[32mchunk-BWAKDOZG.js[39m  [2m | [22m[2mnews-management-component[22m[2m | [22m[36m23.75 kB[39m[2m | [22m
[32mchunk-XXM7FLUV.js[39m  [2m | [22m[2mteam-component[22m           [2m | [22m[36m20.53 kB[39m[2m | [22m
[32mchunk-BF244F6U.js[39m  [2m | [22m[2mmedia-library-component[22m  [2m | [22m[36m19.49 kB[39m[2m | [22m
[32mchunk-BPLNJXVB.js[39m  [2m | [22m[2mcategories-component[22m     [2m | [22m[36m18.29 kB[39m[2m | [22m
[32mchunk-J7Q6LLJE.js[39m  [2m | [22m[2mnews-detail-component[22m    [2m | [22m[36m17.71 kB[39m[2m | [22m
[32mchunk-UJXTYM6K.js[39m  [2m | [22m[2mbreaking-news-component[22m  [2m | [22m[36m16.63 kB[39m[2m | [22m
[32mchunk-WGFXUHOR.js[39m  [2m | [22m[2mdashboard-component[22m      [2m | [22m[36m15.75 kB[39m[2m | [22m
[32mchunk-AZ4DVGZJ.js[39m  [2m | [22m[2mcomments-component[22m       [2m | [22m[36m14.87 kB[39m[2m | [22m
[32mchunk-6IZMB2DC.js[39m  [2m | [22m[2mnews-list-component[22m      [2m | [22m[36m14.70 kB[39m[2m | [22m
[32mchunk-SIOUT6AI.js[39m  [2m | [22m[2mcategory-component[22m       [2m | [22m[36m13.89 kB[39m[2m | [22m
[32mchunk-AUVYFAGF.js[39m  [2m | [22m[2m-[22m                        [2m | [22m[36m12.38 kB[39m[2m | [22m
[2m...and 10 more lazy chunks files. Use "--verbose" to show all the files.[22m

Application bundle generation complete. [0.204 seconds] - 2026-05-02T11:02:48.660Z

Page reload sent to client(s).
[33m❯[39m Changes detected. Rebuilding...
[32m✔[39m Changes detected. Rebuilding...
Application bundle generation failed. [0.125 seconds] - 2026-05-02T11:02:57.315Z

[33m❯[39m Changes detected. Rebuilding...
[32m✔[39m Changes detected. Rebuilding...
[1mInitial chunk files[22m[2m | [22m[1mNames[22m                    [2m | [22m[1mRaw size[22m
[32mstyles.css[39m         [2m | [22m[2mstyles[22m                   [2m | [22m[36m28.14 kB[39m[2m | [22m
[32mmain.js[39m            [2m | [22m[2mmain[22m                     [2m | [22m[36m21.89 kB[39m[2m | [22m
[32mchunk-SDN6CPZ2.js[39m  [2m | [22m[2m-[22m                        [2m | [22m [36m3.52 kB[39m[2m | [22m
[32mchunk-EVSPGG2W.js[39m  [2m | [22m[2m-[22m                        [2m | [22m [36m1.64 kB[39m[2m | [22m
[32mpolyfills.js[39m       [2m | [22m[2mpolyfills[22m                [2m | [22m[36m95 bytes[39m[2m | [22m

[1m [22m                  [2m | [22m[1mInitial total[22m            [2m | [22m[1m55.28 kB[22m

[1mLazy chunk files[22m   [2m | [22m[1mNames[22m                    [2m | [22m[1mRaw size[22m
[32mchunk-TCNM6XGE.js[39m  [2m | [22m[2madmin-layout-component[22m   [2m | [22m[36m65.90 kB[39m[2m | [22m
[32mchunk-VJZ5Q3N5.js[39m  [2m | [22m[2mnews-form-component[22m      [2m | [22m[36m57.16 kB[39m[2m | [22m
[32mchunk-2PJL6SSM.js[39m  [2m | [22m[2mhome-component[22m           [2m | [22m[36m41.51 kB[39m[2m | [22m
[32mchunk-FLOAEQV6.js[39m  [2m | [22m[2m-[22m                        [2m | [22m[36m31.08 kB[39m[2m | [22m
[32mchunk-X3AQO2KI.js[39m  [2m | [22m[2mnews-management-component[22m[2m | [22m[36m23.75 kB[39m[2m | [22m
[32mchunk-XXM7FLUV.js[39m  [2m | [22m[2mteam-component[22m           [2m | [22m[36m20.53 kB[39m[2m | [22m
[32mchunk-BF244F6U.js[39m  [2m | [22m[2mmedia-library-component[22m  [2m | [22m[36m19.49 kB[39m[2m | [22m
[32mchunk-BPLNJXVB.js[39m  [2m | [22m[2mcategories-component[22m     [2m | [22m[36m18.29 kB[39m[2m | [22m
[32mchunk-35MT5KXT.js[39m  [2m | [22m[2mnews-detail-component[22m    [2m | [22m[36m17.71 kB[39m[2m | [22m
[32mchunk-UJXTYM6K.js[39m  [2m | [22m[2mbreaking-news-component[22m  [2m | [22m[36m16.63 kB[39m[2m | [22m
[32mchunk-6VS7EVRG.js[39m  [2m | [22m[2mdashboard-component[22m      [2m | [22m[36m15.75 kB[39m[2m | [22m
[32mchunk-AZ4DVGZJ.js[39m  [2m | [22m[2mcomments-component[22m       [2m | [22m[36m14.87 kB[39m[2m | [22m
[32mchunk-7LE63VU4.js[39m  [2m | [22m[2mnews-list-component[22m      [2m | [22m[36m14.70 kB[39m[2m | [22m
[32mchunk-UDDKNUL2.js[39m  [2m | [22m[2mcategory-component[22m       [2m | [22m[36m13.89 kB[39m[2m | [22m
[32mchunk-QHMRFZJZ.js[39m  [2m | [22m[2m-[22m                        [2m | [22m[36m12.59 kB[39m[2m | [22m
[2m...and 10 more lazy chunks files. Use "--verbose" to show all the files.[22m

Application bundle generation complete. [0.516 seconds] - 2026-05-02T11:03:09.033Z

Page reload sent to client(s).
[33m❯[39m Changes detected. Rebuilding...
[32m✔[39m Changes detected. Rebuilding...
[1mInitial chunk files[22m[2m | [22m[1mNames[22m                    [2m | [22m[1mRaw size[22m
[32mmain.js[39m            [2m | [22m[2mmain[22m                     [2m | [22m[36m21.89 kB[39m[2m | [22m

[1mLazy chunk files[22m   [2m | [22m[1mNames[22m                    [2m | [22m[1mRaw size[22m
[32mchunk-O2BXHA3A.js[39m  [2m | [22m[2mhome-component[22m           [2m | [22m[36m41.51 kB[39m[2m | [22m
[32mchunk-FWGIXVDV.js[39m  [2m | [22m[2mnews-management-component[22m[2m | [22m[36m23.75 kB[39m[2m | [22m
[32mchunk-4RWTYIU6.js[39m  [2m | [22m[2mnews-detail-component[22m    [2m | [22m[36m17.71 kB[39m[2m | [22m
[32mchunk-Q57YS2UZ.js[39m  [2m | [22m[2mnews-list-component[22m      [2m | [22m[36m14.70 kB[39m[2m | [22m
[32mchunk-QX74PDL5.js[39m  [2m | [22m[2mcategory-component[22m       [2m | [22m[36m13.89 kB[39m[2m | [22m
[32mchunk-FCX6BTQD.js[39m  [2m | [22m[2m-[22m                        [2m | [22m [36m2.23 kB[39m[2m | [22m

Application bundle generation complete. [0.455 seconds] - 2026-05-02T11:03:16.321Z

Page reload sent to client(s).
[33m❯[39m Changes detected. Rebuilding...
[32m✔[39m Changes detected. Rebuilding...
[1mInitial chunk files[22m[2m | [22m[1mNames[22m                    [2m | [22m[1mRaw size[22m
[32mmain.js[39m            [2m | [22m[2mmain[22m                     [2m | [22m[36m21.89 kB[39m[2m | [22m

[1mLazy chunk files[22m   [2m | [22m[1mNames[22m                    [2m | [22m[1mRaw size[22m
[32mchunk-5G6VDNWE.js[39m  [2m | [22m[2mhome-component[22m           [2m | [22m[36m41.85 kB[39m[2m | [22m
[32mchunk-NBFOIBCI.js[39m  [2m | [22m[2mnews-management-component[22m[2m | [22m[36m23.75 kB[39m[2m | [22m
[32mchunk-VVZMIT6F.js[39m  [2m | [22m[2mnews-detail-component[22m    [2m | [22m[36m17.71 kB[39m[2m | [22m
[32mchunk-SQNKA4DH.js[39m  [2m | [22m[2mnews-list-component[22m      [2m | [22m[36m14.70 kB[39m[2m | [22m
[32mchunk-QLKAMVKX.js[39m  [2m | [22m[2mcategory-component[22m       [2m | [22m[36m13.89 kB[39m[2m | [22m
[32mchunk-G6KJ5QME.js[39m  [2m | [22m[2m-[22m                        [2m | [22m [36m2.50 kB[39m[2m | [22m

Application bundle generation complete. [0.264 seconds] - 2026-05-02T11:03:28.674Z

Page reload sent to client(s).
[33m❯[39m Changes detected. Rebuilding...
[32m✔[39m Changes detected. Rebuilding...
[1mInitial chunk files[22m[2m | [22m[1mNames[22m         [2m | [22m[1mRaw size[22m
[32mmain.js[39m            [2m | [22m[2mmain[22m          [2m | [22m[36m21.89 kB[39m[2m | [22m

[1mLazy chunk files[22m   [2m | [22m[1mNames[22m         [2m | [22m[1mRaw size[22m
[32mchunk-V2EVL2MT.js[39m  [2m | [22m[2mhome-component[22m[2m | [22m[36m45.27 kB[39m[2m | [22m

Application bundle generation complete. [0.217 seconds] - 2026-05-02T11:03:42.097Z

Component update sent to client(s).
[33m❯[39m Changes detected. Rebuilding...
[32m✔[39m Changes detected. Rebuilding...
[1mInitial chunk files[22m[2m | [22m[1mNames[22m              [2m | [22m[1mRaw size[22m
[32mmain.js[39m            [2m | [22m[2mmain[22m               [2m | [22m[36m21.89 kB[39m[2m | [22m

[1mLazy chunk files[22m   [2m | [22m[1mNames[22m              [2m | [22m[1mRaw size[22m
[32mchunk-YPVCN34H.js[39m  [2m | [22m[2mnews-list-component[22m[2m | [22m[36m14.78 kB[39m[2m | [22m

Application bundle generation complete. [0.408 seconds] - 2026-05-02T11:03:49.581Z

Page reload sent to client(s).
[33m❯[39m Changes detected. Rebuilding...
[32m✔[39m Changes detected. Rebuilding...
[1mInitial chunk files[22m[2m | [22m[1mNames[22m              [2m | [22m[1mRaw size[22m
[32mmain.js[39m            [2m | [22m[2mmain[22m               [2m | [22m[36m21.89 kB[39m[2m | [22m

[1mLazy chunk files[22m   [2m | [22m[1mNames[22m              [2m | [22m[1mRaw size[22m
[32mchunk-O5DJ3ZPW.js[39m  [2m | [22m[2mnews-list-component[22m[2m | [22m[36m14.83 kB[39m[2m | [22m

Application bundle generation complete. [0.202 seconds] - 2026-05-02T11:03:59.056Z

Component update sent to client(s).
[33m❯[39m Changes detected. Rebuilding...
[32m✔[39m Changes detected. Rebuilding...
[1mInitial chunk files[22m[2m | [22m[1mNames[22m             [2m | [22m[1mRaw size[22m
[32mmain.js[39m            [2m | [22m[2mmain[22m              [2m | [22m[36m21.89 kB[39m[2m | [22m

[1mLazy chunk files[22m   [2m | [22m[1mNames[22m             [2m | [22m[1mRaw size[22m
[32mchunk-JPHG3ZRM.js[39m  [2m | [22m[2mcategory-component[22m[2m | [22m[36m13.97 kB[39m[2m | [22m

Application bundle generation complete. [0.249 seconds] - 2026-05-02T11:04:11.168Z

Page reload sent to client(s).
[33m❯[39m Changes detected. Rebuilding...
[32m✔[39m Changes detected. Rebuilding...
[1mInitial chunk files[22m[2m | [22m[1mNames[22m             [2m | [22m[1mRaw size[22m
[32mmain.js[39m            [2m | [22m[2mmain[22m              [2m | [22m[36m21.89 kB[39m[2m | [22m

[1mLazy chunk files[22m   [2m | [22m[1mNames[22m             [2m | [22m[1mRaw size[22m
[32mchunk-2TPUGNK5.js[39m  [2m | [22m[2mcategory-component[22m[2m | [22m[36m14.02 kB[39m[2m | [22m

Application bundle generation complete. [0.224 seconds] - 2026-05-02T11:04:17.032Z

Component update sent to client(s).
[33m❯[39m Changes detected. Rebuilding...
[32m✔[39m Changes detected. Rebuilding...
[1mInitial chunk files[22m[2m | [22m[1mNames[22m                [2m | [22m[1mRaw size[22m
[32mmain.js[39m            [2m | [22m[2mmain[22m                 [2m | [22m[36m21.89 kB[39m[2m | [22m

[1mLazy chunk files[22m   [2m | [22m[1mNames[22m                [2m | [22m[1mRaw size[22m
[32mchunk-6GANJLK3.js[39m  [2m | [22m[2mnews-detail-component[22m[2m | [22m[36m18.04 kB[39m[2m | [22m

Application bundle generation complete. [0.301 seconds] - 2026-05-02T11:04:56.189Z

Page reload sent to client(s).
[33m❯[39m Changes detected. Rebuilding...
[32m✔[39m Changes detected. Rebuilding...
[1mInitial chunk files[22m[2m | [22m[1mNames[22m                [2m | [22m[1mRaw size[22m
[32mmain.js[39m            [2m | [22m[2mmain[22m                 [2m | [22m[36m21.89 kB[39m[2m | [22m

[1mLazy chunk files[22m   [2m | [22m[1mNames[22m                [2m | [22m[1mRaw size[22m
[32mchunk-UIVCMR2U.js[39m  [2m | [22m[2mnews-detail-component[22m[2m | [22m[36m18.15 kB[39m[2m | [22m

Application bundle generation complete. [0.195 seconds] - 2026-05-02T11:05:05.123Z

Component update sent to client(s).
[33m❯[39m Changes detected. Rebuilding...
[32m✔[39m Changes detected. Rebuilding...
[1mInitial chunk files[22m[2m | [22m[1mNames[22m                    [2m | [22m[1mRaw size[22m
[32mmain.js[39m            [2m | [22m[2mmain[22m                     [2m | [22m[36m21.89 kB[39m[2m | [22m

[1mLazy chunk files[22m   [2m | [22m[1mNames[22m                    [2m | [22m[1mRaw size[22m
[32mchunk-NUAUOTCT.js[39m  [2m | [22m[2mnews-management-component[22m[2m | [22m[36m23.87 kB[39m[2m | [22m

Application bundle generation complete. [0.454 seconds] - 2026-05-02T11:05:19.077Z

Page reload sent to client(s).
[33m❯[39m Changes detected. Rebuilding...
[32m✔[39m Changes detected. Rebuilding...
Application bundle generation failed. [0.199 seconds] - 2026-05-02T11:05:29.730Z

[33m❯[39m Changes detected. Rebuilding...
[32m✔[39m Changes detected. Rebuilding...
[1mInitial chunk files[22m[2m | [22m[1mNames[22m                    [2m | [22m[1mRaw size[22m
[32mstyles.css[39m         [2m | [22m[2mstyles[22m                   [2m | [22m[36m28.14 kB[39m[2m | [22m
[32mmain.js[39m            [2m | [22m[2mmain[22m                     [2m | [22m[36m21.89 kB[39m[2m | [22m
[32mchunk-SDN6CPZ2.js[39m  [2m | [22m[2m-[22m                        [2m | [22m [36m3.52 kB[39m[2m | [22m
[32mchunk-EVSPGG2W.js[39m  [2m | [22m[2m-[22m                        [2m | [22m [36m1.64 kB[39m[2m | [22m
[32mpolyfills.js[39m       [2m | [22m[2mpolyfills[22m                [2m | [22m[36m95 bytes[39m[2m | [22m

[1m [22m                  [2m | [22m[1mInitial total[22m            [2m | [22m[1m55.28 kB[22m

[1mLazy chunk files[22m   [2m | [22m[1mNames[22m                    [2m | [22m[1mRaw size[22m
[32mchunk-TQ6FCGPE.js[39m  [2m | [22m[2madmin-layout-component[22m   [2m | [22m[36m65.90 kB[39m[2m | [22m
[32mchunk-XM3SM6OT.js[39m  [2m | [22m[2mnews-form-component[22m      [2m | [22m[36m57.16 kB[39m[2m | [22m
[32mchunk-V2EVL2MT.js[39m  [2m | [22m[2mhome-component[22m           [2m | [22m[36m45.27 kB[39m[2m | [22m
[32mchunk-FTKLT5DC.js[39m  [2m | [22m[2m-[22m                        [2m | [22m[36m31.14 kB[39m[2m | [22m
[32mchunk-EM7C3TAH.js[39m  [2m | [22m[2mnews-management-component[22m[2m | [22m[36m24.50 kB[39m[2m | [22m
[32mchunk-WHVR5LSB.js[39m  [2m | [22m[2mteam-component[22m           [2m | [22m[36m20.53 kB[39m[2m | [22m
[32mchunk-TPNE4S76.js[39m  [2m | [22m[2mmedia-library-component[22m  [2m | [22m[36m19.49 kB[39m[2m | [22m
[32mchunk-PL3FNOBE.js[39m  [2m | [22m[2mcategories-component[22m     [2m | [22m[36m18.29 kB[39m[2m | [22m
[32mchunk-UIVCMR2U.js[39m  [2m | [22m[2mnews-detail-component[22m    [2m | [22m[36m18.15 kB[39m[2m | [22m
[32mchunk-RGSGPYBJ.js[39m  [2m | [22m[2mbreaking-news-component[22m  [2m | [22m[36m16.63 kB[39m[2m | [22m
[32mchunk-7ZSNCZJW.js[39m  [2m | [22m[2mdashboard-component[22m      [2m | [22m[36m15.75 kB[39m[2m | [22m
[32mchunk-UIOXVEES.js[39m  [2m | [22m[2mcomments-component[22m       [2m | [22m[36m14.87 kB[39m[2m | [22m
[32mchunk-O5DJ3ZPW.js[39m  [2m | [22m[2mnews-list-component[22m      [2m | [22m[36m14.83 kB[39m[2m | [22m
[32mchunk-2TPUGNK5.js[39m  [2m | [22m[2mcategory-component[22m       [2m | [22m[36m14.02 kB[39m[2m | [22m
[32mchunk-QHMRFZJZ.js[39m  [2m | [22m[2m-[22m                        [2m | [22m[36m12.59 kB[39m[2m | [22m
[2m...and 10 more lazy chunks files. Use "--verbose" to show all the files.[22m

Application bundle generation complete. [0.331 seconds] - 2026-05-02T11:05:55.380Z

Page reload sent to client(s).
[33m❯[39m Changes detected. Rebuilding...
[32m✔[39m Changes detected. Rebuilding...
[1mInitial chunk files[22m[2m | [22m[1mNames[22m                 [2m | [22m[1mRaw size[22m
[32mmain.js[39m            [2m | [22m[2mmain[22m                  [2m | [22m[36m22.09 kB[39m[2m | [22m
[32mchunk-FPMUIZI3.js[39m  [2m | [22m[2m-[22m                     [2m | [22m [36m7.24 kB[39m[2m | [22m

[1mLazy chunk files[22m   [2m | [22m[1mNames[22m                 [2m | [22m[1mRaw size[22m
[32mchunk-T36WL7Y6.js[39m  [2m | [22m[2madmin-layout-component[22m[2m | [22m[36m58.86 kB[39m[2m | [22m

Application bundle generation complete. [0.746 seconds] - 2026-05-02T14:37:13.158Z

Page reload sent to client(s).
[33m❯[39m Changes detected. Rebuilding...
[32m✔[39m Changes detected. Rebuilding...
[1mInitial chunk files[22m[2m | [22m[1mNames[22m[2m | [22m[1mRaw size[22m
[32mmain.js[39m            [2m | [22m[2mmain[22m [2m | [22m[36m22.50 kB[39m[2m | [22m

Application bundle generation complete. [0.455 seconds] - 2026-05-02T14:37:18.153Z

Component update sent to client(s).
[33m❯[39m Changes detected. Rebuilding...
[32m✔[39m Changes detected. Rebuilding...
[1mInitial chunk files[22m[2m | [22m[1mNames[22m                [2m | [22m[1mRaw size[22m
[32mmain.js[39m            [2m | [22m[2mmain[22m                 [2m | [22m[36m22.50 kB[39m[2m | [22m

[1mLazy chunk files[22m   [2m | [22m[1mNames[22m                [2m | [22m[1mRaw size[22m
[32mchunk-AZNXUOZC.js[39m  [2m | [22m[2mnews-detail-component[22m[2m | [22m[36m19.59 kB[39m[2m | [22m

Application bundle generation complete. [0.753 seconds] - 2026-05-02T14:42:08.599Z

Page reload sent to client(s).
[33m❯[39m Changes detected. Rebuilding...
[32m✔[39m Changes detected. Rebuilding...
[1mInitial chunk files[22m[2m | [22m[1mNames[22m                [2m | [22m[1mRaw size[22m
[32mmain.js[39m            [2m | [22m[2mmain[22m                 [2m | [22m[36m22.50 kB[39m[2m | [22m

[1mLazy chunk files[22m   [2m | [22m[1mNames[22m                [2m | [22m[1mRaw size[22m
[32mchunk-QNGKHQ7F.js[39m  [2m | [22m[2mnews-detail-component[22m[2m | [22m[36m21.30 kB[39m[2m | [22m

Application bundle generation complete. [0.580 seconds] - 2026-05-02T14:42:17.719Z

Component update sent to client(s).
[33m❯[39m Changes detected. Rebuilding...
[32m✔[39m Changes detected. Rebuilding...
[1mInitial chunk files[22m[2m | [22m[1mNames[22m                [2m | [22m[1mRaw size[22m
[32mmain.js[39m            [2m | [22m[2mmain[22m                 [2m | [22m[36m22.50 kB[39m[2m | [22m

[1mLazy chunk files[22m   [2m | [22m[1mNames[22m                [2m | [22m[1mRaw size[22m
[32mchunk-PJBLOMNK.js[39m  [2m | [22m[2mnews-detail-component[22m[2m | [22m[36m22.59 kB[39m[2m | [22m

Application bundle generation complete. [0.511 seconds] - 2026-05-02T14:42:29.937Z

Component update sent to client(s).
[33m❯[39m Changes detected. Rebuilding...
[32m✔[39m Changes detected. Rebuilding...
[1mInitial chunk files[22m[2m | [22m[1mNames[22m                       [2m | [22m[1mRaw size[22m
[32mchunk-5OKVIN3A.js[39m  [2m | [22m[2m-[22m                           [2m | [22m[36m31.79 kB[39m[2m | [22m
[32mmain.js[39m            [2m | [22m[2mmain[22m                        [2m | [22m[36m22.71 kB[39m[2m | [22m
[32mchunk-P3D7JE2W.js[39m  [2m | [22m[2m-[22m                           [2m | [22m [36m7.24 kB[39m[2m | [22m

[1mLazy chunk files[22m   [2m | [22m[1mNames[22m                       [2m | [22m[1mRaw size[22m
[32mchunk-Z5FV4EEA.js[39m  [2m | [22m[2madmin-layout-component[22m      [2m | [22m[36m58.86 kB[39m[2m | [22m
[32mchunk-FUGWAGUE.js[39m  [2m | [22m[2mnews-form-component[22m         [2m | [22m[36m58.52 kB[39m[2m | [22m
[32mchunk-LLE4P5QC.js[39m  [2m | [22m[2mnews-management-component[22m   [2m | [22m[36m24.50 kB[39m[2m | [22m
[32mchunk-AEMZQ62B.js[39m  [2m | [22m[2mteam-component[22m              [2m | [22m[36m20.53 kB[39m[2m | [22m
[32mchunk-IIGPP7DA.js[39m  [2m | [22m[2mmedia-library-component[22m     [2m | [22m[36m19.49 kB[39m[2m | [22m
[32mchunk-NZ6DTXZJ.js[39m  [2m | [22m[2mcategories-component[22m        [2m | [22m[36m18.29 kB[39m[2m | [22m
[32mchunk-KCW6T5FK.js[39m  [2m | [22m[2mbreaking-news-component[22m     [2m | [22m[36m16.63 kB[39m[2m | [22m
[32mchunk-OHNPU4MY.js[39m  [2m | [22m[2mdashboard-component[22m         [2m | [22m[36m15.75 kB[39m[2m | [22m
[32mchunk-3IY7CHXP.js[39m  [2m | [22m[2mcomments-component[22m          [2m | [22m[36m14.87 kB[39m[2m | [22m
[32mchunk-MWWJSBPE.js[39m  [2m | [22m[2mlogin-component[22m             [2m | [22m[36m10.70 kB[39m[2m | [22m
[32mchunk-ASRWZTR5.js[39m  [2m | [22m[2mhomepage-customize-component[22m[2m | [22m[36m10.59 kB[39m[2m | [22m
[32mchunk-UWP7O2YU.js[39m  [2m | [22m[2mwebsite-info-component[22m      [2m | [22m [36m8.85 kB[39m[2m | [22m

Application bundle generation complete. [1.213 seconds] - 2026-05-02T14:54:16.217Z

Page reload sent to client(s).
[33m❯[39m Changes detected. Rebuilding...
[32m✔[39m Changes detected. Rebuilding...
[1mInitial chunk files[22m[2m | [22m[1mNames[22m                       [2m | [22m[1mRaw size[22m
[32mchunk-MKY5IOQJ.js[39m  [2m | [22m[2m-[22m                           [2m | [22m[36m31.86 kB[39m[2m | [22m
[32mmain.js[39m            [2m | [22m[2mmain[22m                        [2m | [22m[36m22.71 kB[39m[2m | [22m
[32mchunk-5CEJYS6Y.js[39m  [2m | [22m[2m-[22m                           [2m | [22m [36m7.24 kB[39m[2m | [22m

[1mLazy chunk files[22m   [2m | [22m[1mNames[22m                       [2m | [22m[1mRaw size[22m
[32mchunk-ZK7HQTTA.js[39m  [2m | [22m[2mnews-form-component[22m         [2m | [22m[36m60.16 kB[39m[2m | [22m
[32mchunk-FV5YQASE.js[39m  [2m | [22m[2madmin-layout-component[22m      [2m | [22m[36m58.86 kB[39m[2m | [22m
[32mchunk-C2O6JFPT.js[39m  [2m | [22m[2mnews-management-component[22m   [2m | [22m[36m24.50 kB[39m[2m | [22m
[32mchunk-GT2ZA7D5.js[39m  [2m | [22m[2mteam-component[22m              [2m | [22m[36m20.53 kB[39m[2m | [22m
[32mchunk-WMUW4LUD.js[39m  [2m | [22m[2mmedia-library-component[22m     [2m | [22m[36m19.49 kB[39m[2m | [22m
[32mchunk-YYTJJ6XE.js[39m  [2m | [22m[2mcategories-component[22m        [2m | [22m[36m18.29 kB[39m[2m | [22m
[32mchunk-TFLEX5WX.js[39m  [2m | [22m[2mbreaking-news-component[22m     [2m | [22m[36m16.63 kB[39m[2m | [22m
[32mchunk-64RLVKRG.js[39m  [2m | [22m[2mdashboard-component[22m         [2m | [22m[36m15.75 kB[39m[2m | [22m
[32mchunk-ETYIQ2FO.js[39m  [2m | [22m[2mcomments-component[22m          [2m | [22m[36m14.87 kB[39m[2m | [22m
[32mchunk-2MXO4R2J.js[39m  [2m | [22m[2mlogin-component[22m             [2m | [22m[36m10.70 kB[39m[2m | [22m
[32mchunk-IW7VWESJ.js[39m  [2m | [22m[2mhomepage-customize-component[22m[2m | [22m[36m10.59 kB[39m[2m | [22m
[32mchunk-RC7PZVXX.js[39m  [2m | [22m[2mwebsite-info-component[22m      [2m | [22m [36m8.85 kB[39m[2m | [22m

Application bundle generation complete. [0.796 seconds] - 2026-05-02T14:57:25.046Z

Page reload sent to client(s).
[33m❯[39m Changes detected. Rebuilding...
[32m✔[39m Changes detected. Rebuilding...
[1mInitial chunk files[22m[2m | [22m[1mNames[22m                [2m | [22m[1mRaw size[22m
[32mmain.js[39m            [2m | [22m[2mmain[22m                 [2m | [22m[36m22.71 kB[39m[2m | [22m

[1mLazy chunk files[22m   [2m | [22m[1mNames[22m                [2m | [22m[1mRaw size[22m
[32mchunk-REL4LCW5.js[39m  [2m | [22m[2mnews-detail-component[22m[2m | [22m[36m23.69 kB[39m[2m | [22m

Application bundle generation complete. [0.879 seconds] - 2026-05-02T14:57:45.891Z

Page reload sent to client(s).
[33m❯[39m Changes detected. Rebuilding...
[32m✔[39m Changes detected. Rebuilding...
[1mInitial chunk files[22m[2m | [22m[1mNames[22m              [2m | [22m[1mRaw size[22m
[32mmain.js[39m            [2m | [22m[2mmain[22m               [2m | [22m[36m22.71 kB[39m[2m | [22m

[1mLazy chunk files[22m   [2m | [22m[1mNames[22m              [2m | [22m[1mRaw size[22m
[32mchunk-S5VIN5VU.js[39m  [2m | [22m[2mdashboard-component[22m[2m | [22m[36m15.88 kB[39m[2m | [22m

Application bundle generation complete. [0.355 seconds] - 2026-05-02T15:12:05.091Z

Page reload sent to client(s).
[33m❯[39m Changes detected. Rebuilding...
[32m✔[39m Changes detected. Rebuilding...
[1mInitial chunk files[22m[2m | [22m[1mNames[22m              [2m | [22m[1mRaw size[22m
[32mmain.js[39m            [2m | [22m[2mmain[22m               [2m | [22m[36m22.71 kB[39m[2m | [22m

[1mLazy chunk files[22m   [2m | [22m[1mNames[22m              [2m | [22m[1mRaw size[22m
[32mchunk-5W46IMIN.js[39m  [2m | [22m[2mnews-form-component[22m[2m | [22m[36m60.46 kB[39m[2m | [22m

Application bundle generation complete. [0.813 seconds] - 2026-05-02T15:20:42.423Z

Page reload sent to client(s).
[33m❯[39m Changes detected. Rebuilding...
[32m✔[39m Changes detected. Rebuilding...
[1mInitial chunk files[22m[2m | [22m[1mNames[22m              [2m | [22m[1mRaw size[22m
[32mmain.js[39m            [2m | [22m[2mmain[22m               [2m | [22m[36m22.71 kB[39m[2m | [22m

[1mLazy chunk files[22m   [2m | [22m[1mNames[22m              [2m | [22m[1mRaw size[22m
[32mchunk-4JUUSVWS.js[39m  [2m | [22m[2mnews-form-component[22m[2m | [22m[36m60.99 kB[39m[2m | [22m

Application bundle generation complete. [0.700 seconds] - 2026-05-02T15:20:48.652Z

Component update sent to client(s).
[33m❯[39m Changes detected. Rebuilding...
[32m✔[39m Changes detected. Rebuilding...
[1mInitial chunk files[22m[2m | [22m[1mNames[22m                       [2m | [22m[1mRaw size[22m
[32mchunk-UFFFAVNL.js[39m  [2m | [22m[2m-[22m                           [2m | [22m[36m31.86 kB[39m[2m | [22m
[32mmain.js[39m            [2m | [22m[2mmain[22m                        [2m | [22m[36m22.71 kB[39m[2m | [22m
[32mchunk-IOSOYBD5.js[39m  [2m | [22m[2m-[22m                           [2m | [22m [36m7.24 kB[39m[2m | [22m

[1mLazy chunk files[22m   [2m | [22m[1mNames[22m                       [2m | [22m[1mRaw size[22m
[32mchunk-C7FUF5LD.js[39m  [2m | [22m[2mnews-form-component[22m         [2m | [22m[36m60.99 kB[39m[2m | [22m
[32mchunk-N6APCPC2.js[39m  [2m | [22m[2madmin-layout-component[22m      [2m | [22m[36m58.86 kB[39m[2m | [22m
[32mchunk-DUOMRMSY.js[39m  [2m | [22m[2mnews-management-component[22m   [2m | [22m[36m24.50 kB[39m[2m | [22m
[32mchunk-5ZHXQZFI.js[39m  [2m | [22m[2mteam-component[22m              [2m | [22m[36m20.53 kB[39m[2m | [22m
[32mchunk-EOCL2ZRT.js[39m  [2m | [22m[2mmedia-library-component[22m     [2m | [22m[36m19.49 kB[39m[2m | [22m
[32mchunk-AKS62JDV.js[39m  [2m | [22m[2mcategories-component[22m        [2m | [22m[36m18.29 kB[39m[2m | [22m
[32mchunk-3MWSJBZY.js[39m  [2m | [22m[2mbreaking-news-component[22m     [2m | [22m[36m16.63 kB[39m[2m | [22m
[32mchunk-EOR732YT.js[39m  [2m | [22m[2mdashboard-component[22m         [2m | [22m[36m15.88 kB[39m[2m | [22m
[32mchunk-UMHYVFGX.js[39m  [2m | [22m[2mcomments-component[22m          [2m | [22m[36m14.87 kB[39m[2m | [22m
[32mchunk-UKBAMMZL.js[39m  [2m | [22m[2mlogin-component[22m             [2m | [22m[36m10.70 kB[39m[2m | [22m
[32mchunk-CJTBHB7N.js[39m  [2m | [22m[2mhomepage-customize-component[22m[2m | [22m[36m10.59 kB[39m[2m | [22m
[32mchunk-ZRFE56ZP.js[39m  [2m | [22m[2mwebsite-info-component[22m      [2m | [22m [36m8.85 kB[39m[2m | [22m

Application bundle generation complete. [0.461 seconds] - 2026-05-02T15:20:52.413Z

Page reload sent to client(s).
[33m❯[39m Changes detected. Rebuilding...
[32m✔[39m Changes detected. Rebuilding...
[1mInitial chunk files[22m[2m | [22m[1mNames[22m                       [2m | [22m[1mRaw size[22m
[32mchunk-GKET3CIN.js[39m  [2m | [22m[2m-[22m                           [2m | [22m[36m31.91 kB[39m[2m | [22m
[32mmain.js[39m            [2m | [22m[2mmain[22m                        [2m | [22m[36m22.71 kB[39m[2m | [22m
[32mchunk-EY4WU7QL.js[39m  [2m | [22m[2m-[22m                           [2m | [22m [36m7.24 kB[39m[2m | [22m

[1mLazy chunk files[22m   [2m | [22m[1mNames[22m                       [2m | [22m[1mRaw size[22m
[32mchunk-BK36VUDZ.js[39m  [2m | [22m[2mnews-form-component[22m         [2m | [22m[36m60.99 kB[39m[2m | [22m
[32mchunk-2SPJEJZS.js[39m  [2m | [22m[2madmin-layout-component[22m      [2m | [22m[36m58.86 kB[39m[2m | [22m
[32mchunk-4MOTL7EI.js[39m  [2m | [22m[2mnews-management-component[22m   [2m | [22m[36m24.50 kB[39m[2m | [22m
[32mchunk-J7OGDVVO.js[39m  [2m | [22m[2mteam-component[22m              [2m | [22m[36m20.53 kB[39m[2m | [22m
[32mchunk-6W2V7NIT.js[39m  [2m | [22m[2mmedia-library-component[22m     [2m | [22m[36m19.49 kB[39m[2m | [22m
[32mchunk-J2M7LK6O.js[39m  [2m | [22m[2mcategories-component[22m        [2m | [22m[36m18.29 kB[39m[2m | [22m
[32mchunk-DS3FP6JL.js[39m  [2m | [22m[2mbreaking-news-component[22m     [2m | [22m[36m16.63 kB[39m[2m | [22m
[32mchunk-6QXOI7OI.js[39m  [2m | [22m[2mdashboard-component[22m         [2m | [22m[36m15.88 kB[39m[2m | [22m
[32mchunk-ETGMBTRF.js[39m  [2m | [22m[2mcomments-component[22m          [2m | [22m[36m14.87 kB[39m[2m | [22m
[32mchunk-M3UF5VBO.js[39m  [2m | [22m[2mlogin-component[22m             [2m | [22m[36m10.70 kB[39m[2m | [22m
[32mchunk-D57L6D45.js[39m  [2m | [22m[2mhomepage-customize-component[22m[2m | [22m[36m10.59 kB[39m[2m | [22m
[32mchunk-AO3B6IBZ.js[39m  [2m | [22m[2mwebsite-info-component[22m      [2m | [22m [36m8.85 kB[39m[2m | [22m

Application bundle generation complete. [0.281 seconds] - 2026-05-02T15:20:59.514Z

Page reload sent to client(s).
[33m❯[39m Changes detected. Rebuilding...
[32m✔[39m Changes detected. Rebuilding...
[1mInitial chunk files[22m[2m | [22m[1mNames[22m[2m | [22m[1mRaw size[22m
[32mmain.js[39m            [2m | [22m[2mmain[22m [2m | [22m[36m22.80 kB[39m[2m | [22m

Application bundle generation complete. [0.498 seconds] - 2026-05-02T15:51:21.031Z

Page reload sent to client(s).
[2m9:51:24 PM[22m [36m[1m[vite][22m[39m [90m[2m(client)[22m[39m [32m✨ new dependencies optimized: [33m@angular/common/http[32m[39m
[2m9:51:24 PM[22m [36m[1m[vite][22m[39m [90m[2m(client)[22m[39m [32m✨ optimized dependencies changed. reloading[39m
[33m❯[39m Changes detected. Rebuilding...
[32m✔[39m Changes detected. Rebuilding...
[1mInitial chunk files[22m[2m | [22m[1mNames[22m               [2m | [22m[1mRaw size[22m
[32mmain.js[39m            [2m | [22m[2mmain[22m                [2m | [22m[36m22.80 kB[39m[2m | [22m

[1mLazy chunk files[22m   [2m | [22m[1mNames[22m               [2m | [22m[1mRaw size[22m
[32mchunk-EWX5QM2I.js[39m  [2m | [22m[2mnews-form-component[22m [2m | [22m[36m60.99 kB[39m[2m | [22m
[32mchunk-GVFZWOIN.js[39m  [2m | [22m[2mcategories-component[22m[2m | [22m[36m18.29 kB[39m[2m | [22m
[32mchunk-7TROSAZ3.js[39m  [2m | [22m[2m-[22m                   [2m | [22m [36m6.46 kB[39m[2m | [22m

Application bundle generation complete. [0.739 seconds] - 2026-05-02T15:51:44.372Z

Page reload sent to client(s).
[33m❯[39m Changes detected. Rebuilding...
[32m✔[39m Changes detected. Rebuilding...
Application bundle generation failed. [0.746 seconds] - 2026-05-02T16:10:08.974Z

[33m❯[39m Changes detected. Rebuilding...
[32m✔[39m Changes detected. Rebuilding...
Application bundle generation failed. [0.772 seconds] - 2026-05-02T16:12:26.193Z

[33m❯[39m Changes detected. Rebuilding...
[32m✔[39m Changes detected. Rebuilding...
Application bundle generation failed. [0.693 seconds] - 2026-05-02T16:12:36.842Z

[33m❯[39m Changes detected. Rebuilding...
[32m✔[39m Changes detected. Rebuilding...
Application bundle generation failed. [0.668 seconds] - 2026-05-02T16:12:42.598Z

[33m❯[39m Changes detected. Rebuilding...
[32m✔[39m Changes detected. Rebuilding...
Application bundle generation failed. [0.183 seconds] - 2026-05-02T16:12:50.180Z

[33m❯[39m Changes detected. Rebuilding...
[32m✔[39m Changes detected. Rebuilding...
Application bundle generation failed. [1.142 seconds] - 2026-05-02T16:12:58.186Z

[33m❯[39m Changes detected. Rebuilding...
[32m✔[39m Changes detected. Rebuilding...
[1mInitial chunk files[22m[2m | [22m[1mNames[22m                    [2m | [22m[1mRaw size[22m
[32mchunk-GKET3CIN.js[39m  [2m | [22m[2m-[22m                        [2m | [22m[36m31.91 kB[39m[2m | [22m
[32mstyles.css[39m         [2m | [22m[2mstyles[22m                   [2m | [22m[36m28.14 kB[39m[2m | [22m
[32mmain.js[39m            [2m | [22m[2mmain[22m                     [2m | [22m[36m22.80 kB[39m[2m | [22m
[32mchunk-EY4WU7QL.js[39m  [2m | [22m[2m-[22m                        [2m | [22m [36m7.24 kB[39m[2m | [22m
[32mchunk-SDN6CPZ2.js[39m  [2m | [22m[2m-[22m                        [2m | [22m [36m3.52 kB[39m[2m | [22m
[32mchunk-EVSPGG2W.js[39m  [2m | [22m[2m-[22m                        [2m | [22m [36m1.64 kB[39m[2m | [22m
[32mchunk-QWBWKLKN.js[39m  [2m | [22m[2m-[22m                        [2m | [22m [36m1.54 kB[39m[2m | [22m
[32mpolyfills.js[39m       [2m | [22m[2mpolyfills[22m                [2m | [22m[36m95 bytes[39m[2m | [22m

[1m [22m                  [2m | [22m[1mInitial total[22m            [2m | [22m[1m96.89 kB[22m

[1mLazy chunk files[22m   [2m | [22m[1mNames[22m                    [2m | [22m[1mRaw size[22m
[32mchunk-SY3AHMJU.js[39m  [2m | [22m[2mnews-form-component[22m      [2m | [22m[36m60.99 kB[39m[2m | [22m
[32mchunk-2SPJEJZS.js[39m  [2m | [22m[2madmin-layout-component[22m   [2m | [22m[36m58.86 kB[39m[2m | [22m
[32mchunk-RDBNX6VV.js[39m  [2m | [22m[2mhome-component[22m           [2m | [22m[36m45.27 kB[39m[2m | [22m
[32mchunk-5US3OXIH.js[39m  [2m | [22m[2mnews-management-component[22m[2m | [22m[36m24.50 kB[39m[2m | [22m
[32mchunk-I2MXJ4CS.js[39m  [2m | [22m[2mnews-detail-component[22m    [2m | [22m[36m23.69 kB[39m[2m | [22m
[32mchunk-J7OGDVVO.js[39m  [2m | [22m[2mteam-component[22m           [2m | [22m[36m20.53 kB[39m[2m | [22m
[32mchunk-6W2V7NIT.js[39m  [2m | [22m[2mmedia-library-component[22m  [2m | [22m[36m19.49 kB[39m[2m | [22m
[32mchunk-DYHEK7U7.js[39m  [2m | [22m[2m-[22m                        [2m | [22m[36m19.34 kB[39m[2m | [22m
[32mchunk-GVFZWOIN.js[39m  [2m | [22m[2mcategories-component[22m     [2m | [22m[36m18.29 kB[39m[2m | [22m
[32mchunk-DS3FP6JL.js[39m  [2m | [22m[2mbreaking-news-component[22m  [2m | [22m[36m16.63 kB[39m[2m | [22m
[32mchunk-SXFRPNF5.js[39m  [2m | [22m[2mdashboard-component[22m      [2m | [22m[36m15.88 kB[39m[2m | [22m
[32mchunk-ETGMBTRF.js[39m  [2m | [22m[2mcomments-component[22m       [2m | [22m[36m14.87 kB[39m[2m | [22m
[32mchunk-EJRFKE2I.js[39m  [2m | [22m[2mnews-list-component[22m      [2m | [22m[36m14.83 kB[39m[2m | [22m
[32mchunk-NC67ZDR2.js[39m  [2m | [22m[2mcategory-component[22m       [2m | [22m[36m14.02 kB[39m[2m | [22m
[32mchunk-M3UF5VBO.js[39m  [2m | [22m[2mlogin-component[22m          [2m | [22m[36m10.70 kB[39m[2m | [22m
[2m...and 8 more lazy chunks files. Use "--verbose" to show all the files.[22m

Application bundle generation complete. [1.361 seconds] - 2026-05-02T16:13:16.682Z

Page reload sent to client(s).
[33m❯[39m Changes detected. Rebuilding...
[32m✔[39m Changes detected. Rebuilding...
[1mInitial chunk files[22m[2m | [22m[1mNames[22m                    [2m | [22m[1mRaw size[22m
[32mmain.js[39m            [2m | [22m[2mmain[22m                     [2m | [22m[36m22.80 kB[39m[2m | [22m

[1mLazy chunk files[22m   [2m | [22m[1mNames[22m                    [2m | [22m[1mRaw size[22m
[32mchunk-2UQOPX4I.js[39m  [2m | [22m[2mnews-form-component[22m      [2m | [22m[36m60.99 kB[39m[2m | [22m
[32mchunk-HZ25J56H.js[39m  [2m | [22m[2mhome-component[22m           [2m | [22m[36m45.27 kB[39m[2m | [22m
[32mchunk-TQLMTZ7U.js[39m  [2m | [22m[2mnews-management-component[22m[2m | [22m[36m24.50 kB[39m[2m | [22m
[32mchunk-RVYSIW3F.js[39m  [2m | [22m[2mnews-detail-component[22m    [2m | [22m[36m23.69 kB[39m[2m | [22m
[32mchunk-PVBARB4C.js[39m  [2m | [22m[2m-[22m                        [2m | [22m[36m19.24 kB[39m[2m | [22m
[32mchunk-JWVPV3NY.js[39m  [2m | [22m[2mdashboard-component[22m      [2m | [22m[36m15.88 kB[39m[2m | [22m
[32mchunk-TL4SDYEG.js[39m  [2m | [22m[2mnews-list-component[22m      [2m | [22m[36m14.83 kB[39m[2m | [22m
[32mchunk-N7O4BEWI.js[39m  [2m | [22m[2mcategory-component[22m       [2m | [22m[36m14.02 kB[39m[2m | [22m

Application bundle generation complete. [0.339 seconds] - 2026-05-02T16:13:20.291Z

Page reload sent to client(s).
[33m❯[39m Changes detected. Rebuilding...
[32m✔[39m Changes detected. Rebuilding...
Application bundle generation failed. [2.131 seconds] - 2026-05-02T18:48:47.801Z

[33m❯[39m Changes detected. Rebuilding...
[32m✔[39m Changes detected. Rebuilding...
Application bundle generation failed. [0.278 seconds] - 2026-05-02T18:48:52.877Z

[33m❯[39m Changes detected. Rebuilding...
[32m✔[39m Changes detected. Rebuilding...
Application bundle generation failed. [0.609 seconds] - 2026-05-02T18:49:04.993Z

[33m❯[39m Changes detected. Rebuilding...
[32m✔[39m Changes detected. Rebuilding...
Application bundle generation failed. [0.189 seconds] - 2026-05-02T18:49:12.994Z

[33m❯[39m Changes detected. Rebuilding...
[32m✔[39m Changes detected. Rebuilding...
[1mInitial chunk files[22m[2m | [22m[1mNames[22m                    [2m | [22m[1mRaw size[22m
[32mchunk-GKET3CIN.js[39m  [2m | [22m[2m-[22m                        [2m | [22m[36m31.91 kB[39m[2m | [22m
[32mstyles.css[39m         [2m | [22m[2mstyles[22m                   [2m | [22m[36m28.14 kB[39m[2m | [22m
[32mmain.js[39m            [2m | [22m[2mmain[22m                     [2m | [22m[36m23.46 kB[39m[2m | [22m
[32mchunk-EY4WU7QL.js[39m  [2m | [22m[2m-[22m                        [2m | [22m [36m7.24 kB[39m[2m | [22m
[32mchunk-24WCZ3UZ.js[39m  [2m | [22m[2m-[22m                        [2m | [22m [36m3.60 kB[39m[2m | [22m
[32mchunk-EVSPGG2W.js[39m  [2m | [22m[2m-[22m                        [2m | [22m [36m1.64 kB[39m[2m | [22m
[32mchunk-QWBWKLKN.js[39m  [2m | [22m[2m-[22m                        [2m | [22m [36m1.54 kB[39m[2m | [22m
[32mpolyfills.js[39m       [2m | [22m[2mpolyfills[22m                [2m | [22m[36m95 bytes[39m[2m | [22m

[1m [22m                  [2m | [22m[1mInitial total[22m            [2m | [22m[1m97.63 kB[22m

[1mLazy chunk files[22m   [2m | [22m[1mNames[22m                    [2m | [22m[1mRaw size[22m
[32mchunk-SQZYUBLY.js[39m  [2m | [22m[2mnews-form-component[22m      [2m | [22m[36m60.99 kB[39m[2m | [22m
[32mchunk-43J5EEKX.js[39m  [2m | [22m[2madmin-layout-component[22m   [2m | [22m[36m58.86 kB[39m[2m | [22m
[32mchunk-VLCKAECC.js[39m  [2m | [22m[2mhome-component[22m           [2m | [22m[36m45.27 kB[39m[2m | [22m
[32mchunk-WKKNIEFI.js[39m  [2m | [22m[2mnews-management-component[22m[2m | [22m[36m24.50 kB[39m[2m | [22m
[32mchunk-FCASTZUN.js[39m  [2m | [22m[2mnews-detail-component[22m    [2m | [22m[36m23.69 kB[39m[2m | [22m
[32mchunk-FHGAMRWG.js[39m  [2m | [22m[2mteam-component[22m           [2m | [22m[36m20.53 kB[39m[2m | [22m
[32mchunk-PRFP56BC.js[39m  [2m | [22m[2mmedia-library-component[22m  [2m | [22m[36m19.49 kB[39m[2m | [22m
[32mchunk-BPKRDNZN.js[39m  [2m | [22m[2m-[22m                        [2m | [22m[36m19.24 kB[39m[2m | [22m
[32mchunk-ELNFSGKP.js[39m  [2m | [22m[2mcategories-component[22m     [2m | [22m[36m18.29 kB[39m[2m | [22m
[32mchunk-45XMHZKB.js[39m  [2m | [22m[2mbreaking-news-component[22m  [2m | [22m[36m16.63 kB[39m[2m | [22m
[32mchunk-WXRAXP42.js[39m  [2m | [22m[2mdashboard-component[22m      [2m | [22m[36m15.88 kB[39m[2m | [22m
[32mchunk-IU56T7HL.js[39m  [2m | [22m[2mcomments-component[22m       [2m | [22m[36m14.87 kB[39m[2m | [22m
[32mchunk-SW25WENJ.js[39m  [2m | [22m[2mnews-list-component[22m      [2m | [22m[36m14.83 kB[39m[2m | [22m
[32mchunk-7PSFS4IT.js[39m  [2m | [22m[2mcategory-component[22m       [2m | [22m[36m14.02 kB[39m[2m | [22m
[32mchunk-BWQHRINX.js[39m  [2m | [22m[2mlogin-component[22m          [2m | [22m[36m10.77 kB[39m[2m | [22m
[2m...and 8 more lazy chunks files. Use "--verbose" to show all the files.[22m

Application bundle generation complete. [0.561 seconds] - 2026-05-02T18:52:22.584Z

Page reload sent to client(s).
[33m❯[39m Changes detected. Rebuilding...
[32m✔[39m Changes detected. Rebuilding...
[1mInitial chunk files[22m[2m | [22m[1mNames[22m                    [2m | [22m[1mRaw size[22m
[32mmain.js[39m            [2m | [22m[2mmain[22m                     [2m | [22m[36m23.46 kB[39m[2m | [22m
[32mchunk-XNL3CC2F.js[39m  [2m | [22m[2m-[22m                        [2m | [22m [36m4.44 kB[39m[2m | [22m

[1mLazy chunk files[22m   [2m | [22m[1mNames[22m                    [2m | [22m[1mRaw size[22m
[32mchunk-7WLHNAHO.js[39m  [2m | [22m[2mnews-form-component[22m      [2m | [22m[36m60.99 kB[39m[2m | [22m
[32mchunk-TGEYCERM.js[39m  [2m | [22m[2madmin-layout-component[22m   [2m | [22m[36m58.86 kB[39m[2m | [22m
[32mchunk-XIFEZDLV.js[39m  [2m | [22m[2mhome-component[22m           [2m | [22m[36m45.27 kB[39m[2m | [22m
[32mchunk-5Q55WBQ3.js[39m  [2m | [22m[2mnews-management-component[22m[2m | [22m[36m24.50 kB[39m[2m | [22m
[32mchunk-BOV3WKIE.js[39m  [2m | [22m[2mnews-detail-component[22m    [2m | [22m[36m23.69 kB[39m[2m | [22m
[32mchunk-KAZSENRB.js[39m  [2m | [22m[2mteam-component[22m           [2m | [22m[36m20.53 kB[39m[2m | [22m
[32mchunk-MEJC4EOY.js[39m  [2m | [22m[2mmedia-library-component[22m  [2m | [22m[36m19.49 kB[39m[2m | [22m
[32mchunk-TZ77KEN6.js[39m  [2m | [22m[2m-[22m                        [2m | [22m[36m19.24 kB[39m[2m | [22m
[32mchunk-B6DZTABG.js[39m  [2m | [22m[2mcategories-component[22m     [2m | [22m[36m18.29 kB[39m[2m | [22m
[32mchunk-YPONBWIR.js[39m  [2m | [22m[2mbreaking-news-component[22m  [2m | [22m[36m16.63 kB[39m[2m | [22m
[32mchunk-WZ62RCIE.js[39m  [2m | [22m[2mdashboard-component[22m      [2m | [22m[36m15.88 kB[39m[2m | [22m
[32mchunk-RUFOSBBQ.js[39m  [2m | [22m[2mcomments-component[22m       [2m | [22m[36m14.87 kB[39m[2m | [22m
[32mchunk-6FURJ2MV.js[39m  [2m | [22m[2mnews-list-component[22m      [2m | [22m[36m14.83 kB[39m[2m | [22m
[32mchunk-2A3ID6IF.js[39m  [2m | [22m[2mcategory-component[22m       [2m | [22m[36m14.02 kB[39m[2m | [22m
[32mchunk-A6KZOL7K.js[39m  [2m | [22m[2mlogin-component[22m          [2m | [22m[36m10.77 kB[39m[2m | [22m
[2m...and 3 more lazy chunks files. Use "--verbose" to show all the files.[22m

Application bundle generation complete. [1.724 seconds] - 2026-05-02T19:00:38.446Z

Page reload sent to client(s).
[33m❯[39m Changes detected. Rebuilding...
[32m✔[39m Changes detected. Rebuilding...
[1mInitial chunk files[22m[2m | [22m[1mNames[22m[2m | [22m[1mRaw size[22m
[32mmain.js[39m            [2m | [22m[2mmain[22m [2m | [22m[36m24.62 kB[39m[2m | [22m

Application bundle generation complete. [0.323 seconds] - 2026-05-02T19:00:59.758Z

Page reload sent to client(s).
[33m❯[39m Changes detected. Rebuilding...
[32m✔[39m Changes detected. Rebuilding...
[1mInitial chunk files[22m[2m | [22m[1mNames[22m               [2m | [22m[1mRaw size[22m
[32mmain.js[39m            [2m | [22m[2mmain[22m                [2m | [22m[36m24.62 kB[39m[2m | [22m

[1mLazy chunk files[22m   [2m | [22m[1mNames[22m               [2m | [22m[1mRaw size[22m
[32mchunk-DUIZXGN3.js[39m  [2m | [22m[2mnews-form-component[22m [2m | [22m[36m60.99 kB[39m[2m | [22m
[32mchunk-ZG3IBV7R.js[39m  [2m | [22m[2mcategories-component[22m[2m | [22m[36m18.29 kB[39m[2m | [22m
[32mchunk-HTOVV7UL.js[39m  [2m | [22m[2m-[22m                   [2m | [22m [36m4.52 kB[39m[2m | [22m

Application bundle generation complete. [0.891 seconds] - 2026-05-02T19:01:54.676Z

Page reload sent to client(s).
[33m❯[39m Changes detected. Rebuilding...
[32m✔[39m Changes detected. Rebuilding...
Application bundle generation failed. [0.369 seconds] - 2026-05-02T19:02:29.031Z

[33m❯[39m Changes detected. Rebuilding...
[32m✔[39m Changes detected. Rebuilding...
Application bundle generation failed. [0.613 seconds] - 2026-05-02T19:02:39.156Z

[33m❯[39m Changes detected. Rebuilding...
[32m✔[39m Changes detected. Rebuilding...
Application bundle generation failed. [1.243 seconds] - 2026-05-02T19:02:53.881Z

[33m❯[39m Changes detected. Rebuilding...
[32m✔[39m Changes detected. Rebuilding...
Application bundle generation failed. [1.389 seconds] - 2026-05-02T19:03:15.515Z

[33m❯[39m Changes detected. Rebuilding...
[32m✔[39m Changes detected. Rebuilding...
[1mInitial chunk files[22m[2m | [22m[1mNames[22m                    [2m | [22m[1mRaw size[22m
[32mchunk-GKET3CIN.js[39m  [2m | [22m[2m-[22m                        [2m | [22m[36m31.91 kB[39m[2m | [22m
[32mstyles.css[39m         [2m | [22m[2mstyles[22m                   [2m | [22m[36m28.14 kB[39m[2m | [22m
[32mmain.js[39m            [2m | [22m[2mmain[22m                     [2m | [22m[36m24.62 kB[39m[2m | [22m
[32mchunk-EY4WU7QL.js[39m  [2m | [22m[2m-[22m                        [2m | [22m [36m7.24 kB[39m[2m | [22m
[32mchunk-XNL3CC2F.js[39m  [2m | [22m[2m-[22m                        [2m | [22m [36m4.44 kB[39m[2m | [22m
[32mchunk-EVSPGG2W.js[39m  [2m | [22m[2m-[22m                        [2m | [22m [36m1.64 kB[39m[2m | [22m
[32mchunk-QWBWKLKN.js[39m  [2m | [22m[2m-[22m                        [2m | [22m [36m1.54 kB[39m[2m | [22m
[32mpolyfills.js[39m       [2m | [22m[2mpolyfills[22m                [2m | [22m[36m95 bytes[39m[2m | [22m

[1m [22m                  [2m | [22m[1mInitial total[22m            [2m | [22m[1m99.63 kB[22m

[1mLazy chunk files[22m   [2m | [22m[1mNames[22m                    [2m | [22m[1mRaw size[22m
[32mchunk-A7DEAXB6.js[39m  [2m | [22m[2mnews-form-component[22m      [2m | [22m[36m60.99 kB[39m[2m | [22m
[32mchunk-TGEYCERM.js[39m  [2m | [22m[2madmin-layout-component[22m   [2m | [22m[36m58.86 kB[39m[2m | [22m
[32mchunk-JYBHGBTR.js[39m  [2m | [22m[2mhome-component[22m           [2m | [22m[36m45.27 kB[39m[2m | [22m
[32mchunk-F7MXLIKM.js[39m  [2m | [22m[2mnews-management-component[22m[2m | [22m[36m24.50 kB[39m[2m | [22m
[32mchunk-MYMPPLOV.js[39m  [2m | [22m[2mnews-detail-component[22m    [2m | [22m[36m23.69 kB[39m[2m | [22m
[32mchunk-KAZSENRB.js[39m  [2m | [22m[2mteam-component[22m           [2m | [22m[36m20.53 kB[39m[2m | [22m
[32mchunk-MEJC4EOY.js[39m  [2m | [22m[2mmedia-library-component[22m  [2m | [22m[36m19.49 kB[39m[2m | [22m
[32mchunk-ZG3IBV7R.js[39m  [2m | [22m[2mcategories-component[22m     [2m | [22m[36m18.29 kB[39m[2m | [22m
[32mchunk-2B5QGBCF.js[39m  [2m | [22m[2m-[22m                        [2m | [22m[36m17.13 kB[39m[2m | [22m
[32mchunk-YPONBWIR.js[39m  [2m | [22m[2mbreaking-news-component[22m  [2m | [22m[36m16.63 kB[39m[2m | [22m
[32mchunk-CAOSDLUI.js[39m  [2m | [22m[2mdashboard-component[22m      [2m | [22m[36m15.88 kB[39m[2m | [22m
[32mchunk-RUFOSBBQ.js[39m  [2m | [22m[2mcomments-component[22m       [2m | [22m[36m14.87 kB[39m[2m | [22m
[32mchunk-D4J4USHJ.js[39m  [2m | [22m[2mnews-list-component[22m      [2m | [22m[36m14.83 kB[39m[2m | [22m
[32mchunk-3P7NYCZM.js[39m  [2m | [22m[2mcategory-component[22m       [2m | [22m[36m14.02 kB[39m[2m | [22m
[32mchunk-A6KZOL7K.js[39m  [2m | [22m[2mlogin-component[22m          [2m | [22m[36m10.77 kB[39m[2m | [22m
[2m...and 8 more lazy chunks files. Use "--verbose" to show all the files.[22m

Application bundle generation complete. [0.963 seconds] - 2026-05-02T19:03:28.890Z

Page reload sent to client(s).
[33m❯[39m Changes detected. Rebuilding...
[32m✔[39m Changes detected. Rebuilding...
[1mInitial chunk files[22m[2m | [22m[1mNames[22m                    [2m | [22m[1mRaw size[22m
[32mmain.js[39m            [2m | [22m[2mmain[22m                     [2m | [22m[36m24.62 kB[39m[2m | [22m

[1mLazy chunk files[22m   [2m | [22m[1mNames[22m                    [2m | [22m[1mRaw size[22m
[32mchunk-CTDOCM3N.js[39m  [2m | [22m[2mnews-form-component[22m      [2m | [22m[36m60.99 kB[39m[2m | [22m
[32mchunk-KBGACR4Y.js[39m  [2m | [22m[2mhome-component[22m           [2m | [22m[36m45.27 kB[39m[2m | [22m
[32mchunk-CRUKLEQ5.js[39m  [2m | [22m[2mnews-management-component[22m[2m | [22m[36m24.50 kB[39m[2m | [22m
[32mchunk-GHZSJEAI.js[39m  [2m | [22m[2mnews-detail-component[22m    [2m | [22m[36m23.69 kB[39m[2m | [22m
[32mchunk-PGWQAGA2.js[39m  [2m | [22m[2mdashboard-component[22m      [2m | [22m[36m15.88 kB[39m[2m | [22m
[32mchunk-WSC32CEQ.js[39m  [2m | [22m[2mnews-list-component[22m      [2m | [22m[36m14.83 kB[39m[2m | [22m
[32mchunk-6CIKCF4F.js[39m  [2m | [22m[2mcategory-component[22m       [2m | [22m[36m14.02 kB[39m[2m | [22m
[32mchunk-K2WKSS5Z.js[39m  [2m | [22m[2m-[22m                        [2m | [22m[36m10.00 kB[39m[2m | [22m

Application bundle generation complete. [1.044 seconds] - 2026-05-02T19:05:53.038Z

Page reload sent to client(s).
[33m❯[39m Changes detected. Rebuilding...
[32m✔[39m Changes detected. Rebuilding...
[1mInitial chunk files[22m[2m | [22m[1mNames[22m                    [2m | [22m[1mRaw size[22m
[32mmain.js[39m            [2m | [22m[2mmain[22m                     [2m | [22m[36m24.62 kB[39m[2m | [22m

[1mLazy chunk files[22m   [2m | [22m[1mNames[22m                    [2m | [22m[1mRaw size[22m
[32mchunk-KLRMUVBK.js[39m  [2m | [22m[2mnews-form-component[22m      [2m | [22m[36m60.99 kB[39m[2m | [22m
[32mchunk-LRJDWMYW.js[39m  [2m | [22m[2mhome-component[22m           [2m | [22m[36m45.27 kB[39m[2m | [22m
[32mchunk-CBSC2E3X.js[39m  [2m | [22m[2mnews-management-component[22m[2m | [22m[36m24.50 kB[39m[2m | [22m
[32mchunk-DWGQG7WB.js[39m  [2m | [22m[2mnews-detail-component[22m    [2m | [22m[36m23.69 kB[39m[2m | [22m
[32mchunk-U72NXYYE.js[39m  [2m | [22m[2mdashboard-component[22m      [2m | [22m[36m15.88 kB[39m[2m | [22m
[32mchunk-XAEAXQIX.js[39m  [2m | [22m[2mnews-list-component[22m      [2m | [22m[36m14.83 kB[39m[2m | [22m
[32mchunk-BIRFHCRR.js[39m  [2m | [22m[2mcategory-component[22m       [2m | [22m[36m14.02 kB[39m[2m | [22m
[32mchunk-6WFOSJ2H.js[39m  [2m | [22m[2m-[22m                        [2m | [22m[36m10.06 kB[39m[2m | [22m

Application bundle generation complete. [0.407 seconds] - 2026-05-02T19:06:06.968Z

Page reload sent to client(s).
[33m❯[39m Changes detected. Rebuilding...
[32m✔[39m Changes detected. Rebuilding...
[1mInitial chunk files[22m[2m | [22m[1mNames[22m                    [2m | [22m[1mRaw size[22m
[32mmain.js[39m            [2m | [22m[2mmain[22m                     [2m | [22m[36m24.62 kB[39m[2m | [22m
[32mchunk-XXHE5YBX.js[39m  [2m | [22m[2m-[22m                        [2m | [22m [36m4.60 kB[39m[2m | [22m

[1mLazy chunk files[22m   [2m | [22m[1mNames[22m                    [2m | [22m[1mRaw size[22m
[32mchunk-5XTSNYK3.js[39m  [2m | [22m[2mnews-form-component[22m      [2m | [22m[36m60.99 kB[39m[2m | [22m
[32mchunk-K26AWH2H.js[39m  [2m | [22m[2madmin-layout-component[22m   [2m | [22m[36m58.86 kB[39m[2m | [22m
[32mchunk-OFPZ4IV3.js[39m  [2m | [22m[2mhome-component[22m           [2m | [22m[36m45.27 kB[39m[2m | [22m
[32mchunk-JVXCVDVD.js[39m  [2m | [22m[2mnews-management-component[22m[2m | [22m[36m24.50 kB[39m[2m | [22m
[32mchunk-FRM3J3NN.js[39m  [2m | [22m[2mnews-detail-component[22m    [2m | [22m[36m23.69 kB[39m[2m | [22m
[32mchunk-WCJSDUBM.js[39m  [2m | [22m[2mteam-component[22m           [2m | [22m[36m20.53 kB[39m[2m | [22m
[32mchunk-AQ7LMDAL.js[39m  [2m | [22m[2mmedia-library-component[22m  [2m | [22m[36m19.49 kB[39m[2m | [22m
[32mchunk-KN5VJ3NV.js[39m  [2m | [22m[2mcategories-component[22m     [2m | [22m[36m18.29 kB[39m[2m | [22m
[32mchunk-EV5KFCC7.js[39m  [2m | [22m[2mbreaking-news-component[22m  [2m | [22m[36m16.63 kB[39m[2m | [22m
[32mchunk-KAJW5J44.js[39m  [2m | [22m[2mdashboard-component[22m      [2m | [22m[36m15.88 kB[39m[2m | [22m
[32mchunk-LHFUXKXU.js[39m  [2m | [22m[2mcomments-component[22m       [2m | [22m[36m14.87 kB[39m[2m | [22m
[32mchunk-QXJNZL33.js[39m  [2m | [22m[2mnews-list-component[22m      [2m | [22m[36m14.83 kB[39m[2m | [22m
[32mchunk-KB3X5CTS.js[39m  [2m | [22m[2mcategory-component[22m       [2m | [22m[36m14.02 kB[39m[2m | [22m
[32mchunk-7W37LPEW.js[39m  [2m | [22m[2mlogin-component[22m          [2m | [22m[36m10.77 kB[39m[2m | [22m
[32mchunk-OOIXHFY4.js[39m  [2m | [22m[2m-[22m                        [2m | [22m[36m10.06 kB[39m[2m | [22m
[2m...and 3 more lazy chunks files. Use "--verbose" to show all the files.[22m

Application bundle generation complete. [1.696 seconds] - 2026-05-03T03:54:35.281Z

Page reload sent to client(s).
[33m❯[39m Changes detected. Rebuilding...
[32m✔[39m Changes detected. Rebuilding...
[1mInitial chunk files[22m[2m | [22m[1mNames[22m                    [2m | [22m[1mRaw size[22m
[32mmain.js[39m            [2m | [22m[2mmain[22m                     [2m | [22m[36m24.69 kB[39m[2m | [22m
[32mchunk-3OKUQ5PG.js[39m  [2m | [22m[2m-[22m                        [2m | [22m [36m4.61 kB[39m[2m | [22m

[1mLazy chunk files[22m   [2m | [22m[1mNames[22m                    [2m | [22m[1mRaw size[22m
[32mchunk-C3EATKDS.js[39m  [2m | [22m[2mnews-form-component[22m      [2m | [22m[36m60.99 kB[39m[2m | [22m
[32mchunk-H4PM6Z4W.js[39m  [2m | [22m[2madmin-layout-component[22m   [2m | [22m[36m58.86 kB[39m[2m | [22m
[32mchunk-L4YVKVSZ.js[39m  [2m | [22m[2mhome-component[22m           [2m | [22m[36m45.27 kB[39m[2m | [22m
[32mchunk-MHZLC2QV.js[39m  [2m | [22m[2mnews-management-component[22m[2m | [22m[36m24.50 kB[39m[2m | [22m
[32mchunk-I6IMILVS.js[39m  [2m | [22m[2mnews-detail-component[22m    [2m | [22m[36m23.69 kB[39m[2m | [22m
[32mchunk-MOBHLIAD.js[39m  [2m | [22m[2mteam-component[22m           [2m | [22m[36m20.53 kB[39m[2m | [22m
[32mchunk-4XZU2X65.js[39m  [2m | [22m[2mmedia-library-component[22m  [2m | [22m[36m19.49 kB[39m[2m | [22m
[32mchunk-KCHRV3QZ.js[39m  [2m | [22m[2mcategories-component[22m     [2m | [22m[36m18.29 kB[39m[2m | [22m
[32mchunk-7K7V3L4N.js[39m  [2m | [22m[2mbreaking-news-component[22m  [2m | [22m[36m16.63 kB[39m[2m | [22m
[32mchunk-3IPA4UWX.js[39m  [2m | [22m[2mdashboard-component[22m      [2m | [22m[36m15.88 kB[39m[2m | [22m
[32mchunk-ZHUWJ3DY.js[39m  [2m | [22m[2mcomments-component[22m       [2m | [22m[36m14.87 kB[39m[2m | [22m
[32mchunk-YOH336DT.js[39m  [2m | [22m[2mnews-list-component[22m      [2m | [22m[36m14.83 kB[39m[2m | [22m
[32mchunk-FUTVAFIE.js[39m  [2m | [22m[2mcategory-component[22m       [2m | [22m[36m14.02 kB[39m[2m | [22m
[32mchunk-6EI4ZDLE.js[39m  [2m | [22m[2mlogin-component[22m          [2m | [22m[36m10.77 kB[39m[2m | [22m
[32mchunk-OCGQUAZC.js[39m  [2m | [22m[2m-[22m                        [2m | [22m[36m10.06 kB[39m[2m | [22m
[2m...and 3 more lazy chunks files. Use "--verbose" to show all the files.[22m

Application bundle generation complete. [0.420 seconds] - 2026-05-03T03:54:40.222Z

Page reload sent to client(s).
[33m❯[39m Changes detected. Rebuilding...
[32m✔[39m Changes detected. Rebuilding...
Application bundle generation failed. [1.085 seconds] - 2026-05-03T03:54:49.199Z

[33m❯[39m Changes detected. Rebuilding...
[32m✔[39m Changes detected. Rebuilding...
Application bundle generation failed. [1.532 seconds] - 2026-05-03T03:54:54.547Z

[33m❯[39m Changes detected. Rebuilding...
[32m✔[39m Changes detected. Rebuilding...
[1mInitial chunk files[22m[2m | [22m[1mNames[22m                       [2m | [22m[1mRaw size[22m
[32mchunk-GKET3CIN.js[39m  [2m | [22m[2m-[22m                           [2m | [22m[36m31.91 kB[39m[2m | [22m
[32mstyles.css[39m         [2m | [22m[2mstyles[22m                      [2m | [22m[36m28.14 kB[39m[2m | [22m
[32mmain.js[39m            [2m | [22m[2mmain[22m                        [2m | [22m[36m24.69 kB[39m[2m | [22m
[32mchunk-EY4WU7QL.js[39m  [2m | [22m[2m-[22m                           [2m | [22m [36m7.24 kB[39m[2m | [22m
[32mchunk-3OKUQ5PG.js[39m  [2m | [22m[2m-[22m                           [2m | [22m [36m4.61 kB[39m[2m | [22m
[32mchunk-EVSPGG2W.js[39m  [2m | [22m[2m-[22m                           [2m | [22m [36m1.64 kB[39m[2m | [22m
[32mchunk-QWBWKLKN.js[39m  [2m | [22m[2m-[22m                           [2m | [22m [36m1.54 kB[39m[2m | [22m
[32mpolyfills.js[39m       [2m | [22m[2mpolyfills[22m                   [2m | [22m[36m95 bytes[39m[2m | [22m

[1m [22m                  [2m | [22m[1mInitial total[22m               [2m | [22m[1m99.88 kB[22m

[1mLazy chunk files[22m   [2m | [22m[1mNames[22m                       [2m | [22m[1mRaw size[22m
[32mchunk-QHAUWD72.js[39m  [2m | [22m[2mnews-form-component[22m         [2m | [22m[36m60.99 kB[39m[2m | [22m
[32mchunk-H4PM6Z4W.js[39m  [2m | [22m[2madmin-layout-component[22m      [2m | [22m[36m58.86 kB[39m[2m | [22m
[32mchunk-LKCSHXT7.js[39m  [2m | [22m[2mhome-component[22m              [2m | [22m[36m45.27 kB[39m[2m | [22m
[32mchunk-UK4ETHDG.js[39m  [2m | [22m[2mnews-management-component[22m   [2m | [22m[36m24.50 kB[39m[2m | [22m
[32mchunk-IKSJ4QAD.js[39m  [2m | [22m[2mnews-detail-component[22m       [2m | [22m[36m23.69 kB[39m[2m | [22m
[32mchunk-MOBHLIAD.js[39m  [2m | [22m[2mteam-component[22m              [2m | [22m[36m20.53 kB[39m[2m | [22m
[32mchunk-4XZU2X65.js[39m  [2m | [22m[2mmedia-library-component[22m     [2m | [22m[36m19.49 kB[39m[2m | [22m
[32mchunk-UVB7V4DT.js[39m  [2m | [22m[2mcategories-component[22m        [2m | [22m[36m18.29 kB[39m[2m | [22m
[32mchunk-7K7V3L4N.js[39m  [2m | [22m[2mbreaking-news-component[22m     [2m | [22m[36m16.63 kB[39m[2m | [22m
[32mchunk-IO55Q6ZD.js[39m  [2m | [22m[2mdashboard-component[22m         [2m | [22m[36m15.88 kB[39m[2m | [22m
[32mchunk-ZHUWJ3DY.js[39m  [2m | [22m[2mcomments-component[22m          [2m | [22m[36m14.87 kB[39m[2m | [22m
[32mchunk-LISRHEA7.js[39m  [2m | [22m[2mnews-list-component[22m         [2m | [22m[36m14.83 kB[39m[2m | [22m
[32mchunk-5RSAFX5S.js[39m  [2m | [22m[2mcategory-component[22m          [2m | [22m[36m14.02 kB[39m[2m | [22m
[32mchunk-6EI4ZDLE.js[39m  [2m | [22m[2mlogin-component[22m             [2m | [22m[36m10.77 kB[39m[2m | [22m
[32mchunk-D57L6D45.js[39m  [2m | [22m[2mhomepage-customize-component[22m[2m | [22m[36m10.59 kB[39m[2m | [22m
[2m...and 8 more lazy chunks files. Use "--verbose" to show all the files.[22m

Application bundle generation complete. [0.606 seconds] - 2026-05-03T03:55:01.887Z

Page reload sent to client(s).
[33m❯[39m Changes detected. Rebuilding...
[32m✔[39m Changes detected. Rebuilding...
[1mInitial chunk files[22m[2m | [22m[1mNames[22m [2m | [22m[1mRaw size[22m
[32mstyles.css[39m         [2m | [22m[2mstyles[22m[2m | [22m[36m28.23 kB[39m[2m | [22m

Application bundle generation complete. [0.486 seconds] - 2026-05-03T11:12:14.420Z

Stylesheet update sent to client(s).
[33m❯[39m Changes detected. Rebuilding...
[32m✔[39m Changes detected. Rebuilding...
[1mInitial chunk files[22m[2m | [22m[1mNames[22m         [2m | [22m[1mRaw size[22m
[32mmain.js[39m            [2m | [22m[2mmain[22m          [2m | [22m[36m24.69 kB[39m[2m | [22m

[1mLazy chunk files[22m   [2m | [22m[1mNames[22m         [2m | [22m[1mRaw size[22m
[32mchunk-SCABZKAY.js[39m  [2m | [22m[2mhome-component[22m[2m | [22m[36m45.50 kB[39m[2m | [22m

Application bundle generation complete. [2.359 seconds] - 2026-05-03T11:13:23.598Z

Component update sent to client(s).
[33m❯[39m Changes detected. Rebuilding...
[32m✔[39m Changes detected. Rebuilding...
[1mInitial chunk files[22m[2m | [22m[1mNames[22m         [2m | [22m[1mRaw size[22m
[32mmain.js[39m            [2m | [22m[2mmain[22m          [2m | [22m[36m24.69 kB[39m[2m | [22m

[1mLazy chunk files[22m   [2m | [22m[1mNames[22m         [2m | [22m[1mRaw size[22m
[32mchunk-334KLKRG.js[39m  [2m | [22m[2mhome-component[22m[2m | [22m[36m45.56 kB[39m[2m | [22m

Application bundle generation complete. [0.690 seconds] - 2026-05-03T11:13:37.283Z

Component update sent to client(s).
[33m❯[39m Changes detected. Rebuilding...
[32m✔[39m Changes detected. Rebuilding...
[1mInitial chunk files[22m[2m | [22m[1mNames[22m         [2m | [22m[1mRaw size[22m
[32mmain.js[39m            [2m | [22m[2mmain[22m          [2m | [22m[36m24.69 kB[39m[2m | [22m

[1mLazy chunk files[22m   [2m | [22m[1mNames[22m         [2m | [22m[1mRaw size[22m
[32mchunk-YLY5QILU.js[39m  [2m | [22m[2mhome-component[22m[2m | [22m[36m46.16 kB[39m[2m | [22m

Application bundle generation complete. [0.525 seconds] - 2026-05-03T11:13:47.266Z

Component update sent to client(s).
[33m❯[39m Changes detected. Rebuilding...
[32m✔[39m Changes detected. Rebuilding...
[1mInitial chunk files[22m[2m | [22m[1mNames[22m         [2m | [22m[1mRaw size[22m
[32mmain.js[39m            [2m | [22m[2mmain[22m          [2m | [22m[36m24.69 kB[39m[2m | [22m

[1mLazy chunk files[22m   [2m | [22m[1mNames[22m         [2m | [22m[1mRaw size[22m
[32mchunk-QNNB5TQH.js[39m  [2m | [22m[2mhome-component[22m[2m | [22m[36m46.57 kB[39m[2m | [22m

Application bundle generation complete. [0.726 seconds] - 2026-05-03T11:14:05.977Z

Component update sent to client(s).
[33m❯[39m Changes detected. Rebuilding...
[32m✔[39m Changes detected. Rebuilding...
[1mInitial chunk files[22m[2m | [22m[1mNames[22m         [2m | [22m[1mRaw size[22m
[32mmain.js[39m            [2m | [22m[2mmain[22m          [2m | [22m[36m24.69 kB[39m[2m | [22m

[1mLazy chunk files[22m   [2m | [22m[1mNames[22m         [2m | [22m[1mRaw size[22m
[32mchunk-3SN2SZ37.js[39m  [2m | [22m[2mhome-component[22m[2m | [22m[36m46.86 kB[39m[2m | [22m

Application bundle generation complete. [0.593 seconds] - 2026-05-03T11:14:39.749Z

Component update sent to client(s).
[33m❯[39m Changes detected. Rebuilding...
[32m✔[39m Changes detected. Rebuilding...
[1mInitial chunk files[22m[2m | [22m[1mNames[22m[2m | [22m[1mRaw size[22m
[32mmain.js[39m            [2m | [22m[2mmain[22m [2m | [22m[36m25.09 kB[39m[2m | [22m

Application bundle generation complete. [0.474 seconds] - 2026-05-03T11:16:57.652Z

Component update sent to client(s).
[33m❯[39m Changes detected. Rebuilding...
[32m✔[39m Changes detected. Rebuilding...
[1mInitial chunk files[22m[2m | [22m[1mNames[22m                [2m | [22m[1mRaw size[22m
[32mmain.js[39m            [2m | [22m[2mmain[22m                 [2m | [22m[36m25.09 kB[39m[2m | [22m

[1mLazy chunk files[22m   [2m | [22m[1mNames[22m                [2m | [22m[1mRaw size[22m
[32mchunk-4DH63B5A.js[39m  [2m | [22m[2mnews-detail-component[22m[2m | [22m[36m27.37 kB[39m[2m | [22m

Application bundle generation complete. [0.776 seconds] - 2026-05-03T11:17:35.933Z

Component update sent to client(s).
[33m❯[39m Changes detected. Rebuilding...
[32m✔[39m Changes detected. Rebuilding...
[1mInitial chunk files[22m[2m | [22m[1mNames[22m                [2m | [22m[1mRaw size[22m
[32mmain.js[39m            [2m | [22m[2mmain[22m                 [2m | [22m[36m25.09 kB[39m[2m | [22m

[1mLazy chunk files[22m   [2m | [22m[1mNames[22m                [2m | [22m[1mRaw size[22m
[32mchunk-N35T5CRF.js[39m  [2m | [22m[2mnews-detail-component[22m[2m | [22m[36m27.52 kB[39m[2m | [22m

Application bundle generation complete. [0.791 seconds] - 2026-05-03T11:17:41.212Z

Component update sent to client(s).
[33m❯[39m Changes detected. Rebuilding...
[32m✔[39m Changes detected. Rebuilding...
[1mInitial chunk files[22m[2m | [22m[1mNames[22m              [2m | [22m[1mRaw size[22m
[32mmain.js[39m            [2m | [22m[2mmain[22m               [2m | [22m[36m25.09 kB[39m[2m | [22m

[1mLazy chunk files[22m   [2m | [22m[1mNames[22m              [2m | [22m[1mRaw size[22m
[32mchunk-OFTGYOGE.js[39m  [2m | [22m[2mnews-list-component[22m[2m | [22m[36m17.05 kB[39m[2m | [22m
[32mchunk-M3KGA4FB.js[39m  [2m | [22m[2mcategory-component[22m [2m | [22m[36m16.24 kB[39m[2m | [22m

Application bundle generation complete. [0.655 seconds] - 2026-05-03T11:18:03.350Z

Component update sent to client(s).
[33m❯[39m Changes detected. Rebuilding...
[32m✔[39m Changes detected. Rebuilding...
[1mInitial chunk files[22m[2m | [22m[1mNames[22m                [2m | [22m[1mRaw size[22m
[32mmain.js[39m            [2m | [22m[2mmain[22m                 [2m | [22m[36m25.09 kB[39m[2m | [22m

[1mLazy chunk files[22m   [2m | [22m[1mNames[22m                [2m | [22m[1mRaw size[22m
[32mchunk-XRNESBAI.js[39m  [2m | [22m[2mnews-detail-component[22m[2m | [22m[36m27.66 kB[39m[2m | [22m

Application bundle generation complete. [0.432 seconds] - 2026-05-03T11:18:10.926Z

Component update sent to client(s).
[33m❯[39m Changes detected. Rebuilding...
[32m✔[39m Changes detected. Rebuilding...
[1mInitial chunk files[22m[2m | [22m[1mNames[22m                 [2m | [22m[1mRaw size[22m
[32mmain.js[39m            [2m | [22m[2mmain[22m                  [2m | [22m[36m25.09 kB[39m[2m | [22m

[1mLazy chunk files[22m   [2m | [22m[1mNames[22m                 [2m | [22m[1mRaw size[22m
[32mchunk-SPVRAXDR.js[39m  [2m | [22m[2madmin-layout-component[22m[2m | [22m[36m60.33 kB[39m[2m | [22m

Application bundle generation complete. [0.898 seconds] - 2026-05-03T11:18:58.725Z

Component update sent to client(s).
[33m❯[39m Changes detected. Rebuilding...
[32m✔[39m Changes detected. Rebuilding...
[1mInitial chunk files[22m[2m | [22m[1mNames[22m                 [2m | [22m[1mRaw size[22m
[32mmain.js[39m            [2m | [22m[2mmain[22m                  [2m | [22m[36m25.09 kB[39m[2m | [22m

[1mLazy chunk files[22m   [2m | [22m[1mNames[22m                 [2m | [22m[1mRaw size[22m
[32mchunk-TJFIKZX2.js[39m  [2m | [22m[2madmin-layout-component[22m[2m | [22m[36m60.53 kB[39m[2m | [22m

Application bundle generation complete. [0.552 seconds] - 2026-05-03T11:19:33.526Z

Component update sent to client(s).
[33m❯[39m Changes detected. Rebuilding...
[32m✔[39m Changes detected. Rebuilding...
[1mInitial chunk files[22m[2m | [22m[1mNames[22m                [2m | [22m[1mRaw size[22m
[32mmain.js[39m            [2m | [22m[2mmain[22m                 [2m | [22m[36m25.09 kB[39m[2m | [22m

[1mLazy chunk files[22m   [2m | [22m[1mNames[22m                [2m | [22m[1mRaw size[22m
[32mchunk-XUM3DQ4T.js[39m  [2m | [22m[2mnews-detail-component[22m[2m | [22m[36m28.64 kB[39m[2m | [22m

Application bundle generation complete. [0.538 seconds] - 2026-05-03T11:19:45.823Z

Component update sent to client(s).
[33m❯[39m Changes detected. Rebuilding...
[32m✔[39m Changes detected. Rebuilding...
[1mInitial chunk files[22m[2m | [22m[1mNames[22m         [2m | [22m[1mRaw size[22m
[32mmain.js[39m            [2m | [22m[2mmain[22m          [2m | [22m[36m25.09 kB[39m[2m | [22m

[1mLazy chunk files[22m   [2m | [22m[1mNames[22m         [2m | [22m[1mRaw size[22m
[32mchunk-6GLAMSO2.js[39m  [2m | [22m[2mhome-component[22m[2m | [22m[36m47.09 kB[39m[2m | [22m

Application bundle generation complete. [1.215 seconds] - 2026-05-03T11:32:00.822Z

Page reload sent to client(s).
[33m❯[39m Changes detected. Rebuilding...
[32m✔[39m Changes detected. Rebuilding...
[1mInitial chunk files[22m[2m | [22m[1mNames[22m         [2m | [22m[1mRaw size[22m
[32mmain.js[39m            [2m | [22m[2mmain[22m          [2m | [22m[36m25.09 kB[39m[2m | [22m

[1mLazy chunk files[22m   [2m | [22m[1mNames[22m         [2m | [22m[1mRaw size[22m
[32mchunk-BYL4B3X3.js[39m  [2m | [22m[2mhome-component[22m[2m | [22m[36m51.72 kB[39m[2m | [22m

Application bundle generation complete. [1.294 seconds] - 2026-05-03T11:32:21.101Z

Component update sent to client(s).
[33m❯[39m Changes detected. Rebuilding...
[32m✔[39m Changes detected. Rebuilding...
[1mInitial chunk files[22m[2m | [22m[1mNames[22m         [2m | [22m[1mRaw size[22m
[32mmain.js[39m            [2m | [22m[2mmain[22m          [2m | [22m[36m25.09 kB[39m[2m | [22m

[1mLazy chunk files[22m   [2m | [22m[1mNames[22m         [2m | [22m[1mRaw size[22m
[32mchunk-Z4MX54IF.js[39m  [2m | [22m[2mhome-component[22m[2m | [22m[36m54.19 kB[39m[2m | [22m

Application bundle generation complete. [0.765 seconds] - 2026-05-03T11:32:39.386Z

Component update sent to client(s).
[33m❯[39m Changes detected. Rebuilding...
[32m✔[39m Changes detected. Rebuilding...
[1mInitial chunk files[22m[2m | [22m[1mNames[22m         [2m | [22m[1mRaw size[22m
[32mmain.js[39m            [2m | [22m[2mmain[22m          [2m | [22m[36m25.09 kB[39m[2m | [22m

[1mLazy chunk files[22m   [2m | [22m[1mNames[22m         [2m | [22m[1mRaw size[22m
[32mchunk-SQ6HCYQN.js[39m  [2m | [22m[2mhome-component[22m[2m | [22m[36m55.31 kB[39m[2m | [22m

Application bundle generation complete. [0.694 seconds] - 2026-05-03T11:32:56.519Z

Component update sent to client(s).
[33m❯[39m Changes detected. Rebuilding...
[32m✔[39m Changes detected. Rebuilding...
[1mInitial chunk files[22m[2m | [22m[1mNames[22m         [2m | [22m[1mRaw size[22m
[32mmain.js[39m            [2m | [22m[2mmain[22m          [2m | [22m[36m25.09 kB[39m[2m | [22m

[1mLazy chunk files[22m   [2m | [22m[1mNames[22m         [2m | [22m[1mRaw size[22m
[32mchunk-PLCWRK37.js[39m  [2m | [22m[2mhome-component[22m[2m | [22m[36m59.16 kB[39m[2m | [22m

Application bundle generation complete. [1.166 seconds] - 2026-05-03T11:33:16.142Z

Component update sent to client(s).
[33m❯[39m Changes detected. Rebuilding...
[32m✔[39m Changes detected. Rebuilding...
[1mInitial chunk files[22m[2m | [22m[1mNames[22m         [2m | [22m[1mRaw size[22m
[32mmain.js[39m            [2m | [22m[2mmain[22m          [2m | [22m[36m25.09 kB[39m[2m | [22m

[1mLazy chunk files[22m   [2m | [22m[1mNames[22m         [2m | [22m[1mRaw size[22m
[32mchunk-LP3KPNRP.js[39m  [2m | [22m[2mhome-component[22m[2m | [22m[36m60.36 kB[39m[2m | [22m

Application bundle generation complete. [0.752 seconds] - 2026-05-03T11:33:28.687Z

Component update sent to client(s).
[33m❯[39m Changes detected. Rebuilding...
[32m✔[39m Changes detected. Rebuilding...
[1mInitial chunk files[22m[2m | [22m[1mNames[22m         [2m | [22m[1mRaw size[22m
[32mmain.js[39m            [2m | [22m[2mmain[22m          [2m | [22m[36m25.09 kB[39m[2m | [22m

[1mLazy chunk files[22m   [2m | [22m[1mNames[22m         [2m | [22m[1mRaw size[22m
[32mchunk-I25Z4U5R.js[39m  [2m | [22m[2mhome-component[22m[2m | [22m[36m60.32 kB[39m[2m | [22m

Application bundle generation complete. [1.061 seconds] - 2026-05-03T11:33:42.158Z

Component update sent to client(s).
[33m❯[39m Changes detected. Rebuilding...
[32m✔[39m Changes detected. Rebuilding...
[1mInitial chunk files[22m[2m | [22m[1mNames[22m [2m | [22m[1mRaw size[22m
[32mstyles.css[39m         [2m | [22m[2mstyles[22m[2m | [22m[36m28.99 kB[39m[2m | [22m

Application bundle generation complete. [0.027 seconds] - 2026-05-03T11:38:33.690Z

Stylesheet update sent to client(s).
[33m❯[39m Changes detected. Rebuilding...
[32m✔[39m Changes detected. Rebuilding...
[1mInitial chunk files[22m[2m | [22m[1mNames[22m[2m | [22m[1mRaw size[22m
[32mmain.js[39m            [2m | [22m[2mmain[22m [2m | [22m[36m26.19 kB[39m[2m | [22m

Application bundle generation complete. [0.634 seconds] - 2026-05-03T11:39:02.589Z

Component update sent to client(s).
[33m❯[39m Changes detected. Rebuilding...
[32m✔[39m Changes detected. Rebuilding...
[1mInitial chunk files[22m[2m | [22m[1mNames[22m         [2m | [22m[1mRaw size[22m
[32mmain.js[39m            [2m | [22m[2mmain[22m          [2m | [22m[36m26.19 kB[39m[2m | [22m

[1mLazy chunk files[22m   [2m | [22m[1mNames[22m         [2m | [22m[1mRaw size[22m
[32mchunk-X4IYTRIY.js[39m  [2m | [22m[2mhome-component[22m[2m | [22m[36m62.87 kB[39m[2m | [22m

Application bundle generation complete. [0.620 seconds] - 2026-05-03T11:40:01.841Z

Component update sent to client(s).
[33m❯[39m Changes detected. Rebuilding...
[32m✔[39m Changes detected. Rebuilding...
[1mInitial chunk files[22m[2m | [22m[1mNames[22m         [2m | [22m[1mRaw size[22m
[32mmain.js[39m            [2m | [22m[2mmain[22m          [2m | [22m[36m26.19 kB[39m[2m | [22m

[1mLazy chunk files[22m   [2m | [22m[1mNames[22m         [2m | [22m[1mRaw size[22m
[32mchunk-VYECVSIO.js[39m  [2m | [22m[2mhome-component[22m[2m | [22m[36m62.93 kB[39m[2m | [22m

Application bundle generation complete. [0.799 seconds] - 2026-05-03T11:40:09.710Z

Component update sent to client(s).
[33m❯[39m Changes detected. Rebuilding...
[32m✔[39m Changes detected. Rebuilding...
[1mInitial chunk files[22m[2m | [22m[1mNames[22m                [2m | [22m[1mRaw size[22m
[32mmain.js[39m            [2m | [22m[2mmain[22m                 [2m | [22m[36m26.19 kB[39m[2m | [22m

[1mLazy chunk files[22m   [2m | [22m[1mNames[22m                [2m | [22m[1mRaw size[22m
[32mchunk-6H7BLNXP.js[39m  [2m | [22m[2mnews-detail-component[22m[2m | [22m[36m30.82 kB[39m[2m | [22m

Application bundle generation complete. [1.023 seconds] - 2026-05-03T11:40:47.329Z

Component update sent to client(s).
[33m❯[39m Changes detected. Rebuilding...
[32m✔[39m Changes detected. Rebuilding...
[1mInitial chunk files[22m[2m | [22m[1mNames[22m              [2m | [22m[1mRaw size[22m
[32mmain.js[39m            [2m | [22m[2mmain[22m               [2m | [22m[36m26.19 kB[39m[2m | [22m

[1mLazy chunk files[22m   [2m | [22m[1mNames[22m              [2m | [22m[1mRaw size[22m
[32mchunk-SZ6ZKWJ7.js[39m  [2m | [22m[2mnews-list-component[22m[2m | [22m[36m18.14 kB[39m[2m | [22m
[32mchunk-RQZBTG5O.js[39m  [2m | [22m[2mcategory-component[22m [2m | [22m[36m17.33 kB[39m[2m | [22m

Application bundle generation complete. [0.747 seconds] - 2026-05-03T11:41:08.230Z

Component update sent to client(s).
[33m❯[39m Changes detected. Rebuilding...
[32m✔[39m Changes detected. Rebuilding...
[1mInitial chunk files[22m[2m | [22m[1mNames[22m                 [2m | [22m[1mRaw size[22m
[32mmain.js[39m            [2m | [22m[2mmain[22m                  [2m | [22m[36m26.19 kB[39m[2m | [22m

[1mLazy chunk files[22m   [2m | [22m[1mNames[22m                 [2m | [22m[1mRaw size[22m
[32mchunk-2XO2RM27.js[39m  [2m | [22m[2madmin-layout-component[22m[2m | [22m[36m62.39 kB[39m[2m | [22m

Application bundle generation complete. [1.368 seconds] - 2026-05-03T11:41:50.464Z

Component update sent to client(s).
[33m❯[39m Changes detected. Rebuilding...
[32m✔[39m Changes detected. Rebuilding...
[1mInitial chunk files[22m[2m | [22m[1mNames[22m                 [2m | [22m[1mRaw size[22m
[32mmain.js[39m            [2m | [22m[2mmain[22m                  [2m | [22m[36m26.19 kB[39m[2m | [22m

[1mLazy chunk files[22m   [2m | [22m[1mNames[22m                 [2m | [22m[1mRaw size[22m
[32mchunk-5EFQA4O2.js[39m  [2m | [22m[2madmin-layout-component[22m[2m | [22m[36m63.88 kB[39m[2m | [22m

Application bundle generation complete. [0.737 seconds] - 2026-05-03T11:42:24.254Z

Component update sent to client(s).
[33m❯[39m Changes detected. Rebuilding...
[32m✔[39m Changes detected. Rebuilding...
[1mInitial chunk files[22m[2m | [22m[1mNames[22m                 [2m | [22m[1mRaw size[22m
[32mmain.js[39m            [2m | [22m[2mmain[22m                  [2m | [22m[36m26.19 kB[39m[2m | [22m

[1mLazy chunk files[22m   [2m | [22m[1mNames[22m                 [2m | [22m[1mRaw size[22m
[32mchunk-MDRFFM7I.js[39m  [2m | [22m[2madmin-layout-component[22m[2m | [22m[36m64.16 kB[39m[2m | [22m

Application bundle generation complete. [0.408 seconds] - 2026-05-03T11:42:35.386Z

Component update sent to client(s).
[33m❯[39m Changes detected. Rebuilding...
[32m✔[39m Changes detected. Rebuilding...
[1mInitial chunk files[22m[2m | [22m[1mNames[22m              [2m | [22m[1mRaw size[22m
[32mmain.js[39m            [2m | [22m[2mmain[22m               [2m | [22m[36m26.19 kB[39m[2m | [22m

[1mLazy chunk files[22m   [2m | [22m[1mNames[22m              [2m | [22m[1mRaw size[22m
[32mchunk-WCMHD2JN.js[39m  [2m | [22m[2mnews-form-component[22m[2m | [22m[36m62.11 kB[39m[2m | [22m

Application bundle generation complete. [0.976 seconds] - 2026-05-03T11:43:01.602Z

Component update sent to client(s).
[33m❯[39m Changes detected. Rebuilding...
[32m✔[39m Changes detected. Rebuilding...
[1mInitial chunk files[22m[2m | [22m[1mNames[22m              [2m | [22m[1mRaw size[22m
[32mmain.js[39m            [2m | [22m[2mmain[22m               [2m | [22m[36m26.19 kB[39m[2m | [22m

[1mLazy chunk files[22m   [2m | [22m[1mNames[22m              [2m | [22m[1mRaw size[22m
[32mchunk-XL3CGSSC.js[39m  [2m | [22m[2mnews-form-component[22m[2m | [22m[36m62.48 kB[39m[2m | [22m

Application bundle generation complete. [1.001 seconds] - 2026-05-03T11:44:16.769Z

Component update sent to client(s).
[33m❯[39m Changes detected. Rebuilding...
[32m✔[39m Changes detected. Rebuilding...
[1mInitial chunk files[22m[2m | [22m[1mNames[22m              [2m | [22m[1mRaw size[22m
[32mmain.js[39m            [2m | [22m[2mmain[22m               [2m | [22m[36m26.19 kB[39m[2m | [22m

[1mLazy chunk files[22m   [2m | [22m[1mNames[22m              [2m | [22m[1mRaw size[22m
[32mchunk-VJ7WR7T5.js[39m  [2m | [22m[2mnews-form-component[22m[2m | [22m[36m63.03 kB[39m[2m | [22m

Application bundle generation complete. [1.998 seconds] - 2026-05-03T11:44:38.060Z

Component update sent to client(s).
[33m❯[39m Changes detected. Rebuilding...
[32m✔[39m Changes detected. Rebuilding...
[1mInitial chunk files[22m[2m | [22m[1mNames[22m             [2m | [22m[1mRaw size[22m
[32mmain.js[39m            [2m | [22m[2mmain[22m              [2m | [22m[36m26.19 kB[39m[2m | [22m

[1mLazy chunk files[22m   [2m | [22m[1mNames[22m             [2m | [22m[1mRaw size[22m
[32mchunk-PI6YQSO4.js[39m  [2m | [22m[2mcategory-component[22m[2m | [22m[36m17.36 kB[39m[2m | [22m

Application bundle generation complete. [0.635 seconds] - 2026-05-03T11:45:04.181Z

Component update sent to client(s).
[33m❯[39m Changes detected. Rebuilding...
[32m✔[39m Changes detected. Rebuilding...
[1mInitial chunk files[22m[2m | [22m[1mNames[22m                 [2m | [22m[1mRaw size[22m
[32mmain.js[39m            [2m | [22m[2mmain[22m                  [2m | [22m[36m26.19 kB[39m[2m | [22m

[1mLazy chunk files[22m   [2m | [22m[1mNames[22m                 [2m | [22m[1mRaw size[22m
[32mchunk-XIZK4MV3.js[39m  [2m | [22m[2madmin-layout-component[22m[2m | [22m[36m64.36 kB[39m[2m | [22m

Application bundle generation complete. [0.603 seconds] - 2026-05-03T11:45:13.031Z

Component update sent to client(s).
[33m❯[39m Changes detected. Rebuilding...
[32m✔[39m Changes detected. Rebuilding...
[1mInitial chunk files[22m[2m | [22m[1mNames[22m         [2m | [22m[1mRaw size[22m
[32mmain.js[39m            [2m | [22m[2mmain[22m          [2m | [22m[36m26.19 kB[39m[2m | [22m

[1mLazy chunk files[22m   [2m | [22m[1mNames[22m         [2m | [22m[1mRaw size[22m
[32mchunk-XUQ4J7LC.js[39m  [2m | [22m[2mhome-component[22m[2m | [22m[36m62.97 kB[39m[2m | [22m

Application bundle generation complete. [0.682 seconds] - 2026-05-03T11:45:29.899Z

Component update sent to client(s).
[33m❯[39m Changes detected. Rebuilding...
[32m✔[39m Changes detected. Rebuilding...
[1mInitial chunk files[22m[2m | [22m[1mNames[22m                [2m | [22m[1mRaw size[22m
[32mmain.js[39m            [2m | [22m[2mmain[22m                 [2m | [22m[36m26.19 kB[39m[2m | [22m

[1mLazy chunk files[22m   [2m | [22m[1mNames[22m                [2m | [22m[1mRaw size[22m
[32mchunk-ZY2NAKXF.js[39m  [2m | [22m[2mnews-detail-component[22m[2m | [22m[36m32.14 kB[39m[2m | [22m

Application bundle generation complete. [0.484 seconds] - 2026-05-04T08:40:54.898Z

Component update sent to client(s).
[33m❯[39m Changes detected. Rebuilding...
[32m✔[39m Changes detected. Rebuilding...
[1mInitial chunk files[22m[2m | [22m[1mNames[22m                [2m | [22m[1mRaw size[22m
[32mmain.js[39m            [2m | [22m[2mmain[22m                 [2m | [22m[36m26.19 kB[39m[2m | [22m

[1mLazy chunk files[22m   [2m | [22m[1mNames[22m                [2m | [22m[1mRaw size[22m
[32mchunk-5H2YPABZ.js[39m  [2m | [22m[2mnews-detail-component[22m[2m | [22m[36m37.70 kB[39m[2m | [22m

Application bundle generation complete. [0.568 seconds] - 2026-05-04T08:41:37.917Z

Component update sent to client(s).
[33m❯[39m Changes detected. Rebuilding...
[32m✔[39m Changes detected. Rebuilding...
[1mInitial chunk files[22m[2m | [22m[1mNames[22m [2m | [22m[1mRaw size[22m
[32mstyles.css[39m         [2m | [22m[2mstyles[22m[2m | [22m[36m29.53 kB[39m[2m | [22m

Application bundle generation complete. [0.021 seconds] - 2026-05-04T08:47:18.169Z

Stylesheet update sent to client(s).
[33m❯[39m Changes detected. Rebuilding...
[32m✔[39m Changes detected. Rebuilding...
[1mInitial chunk files[22m[2m | [22m[1mNames[22m[2m | [22m[1mRaw size[22m
[32mmain.js[39m            [2m | [22m[2mmain[22m [2m | [22m[36m26.65 kB[39m[2m | [22m

Application bundle generation complete. [0.389 seconds] - 2026-05-04T08:47:24.551Z

Page reload sent to client(s).
[33m❯[39m Changes detected. Rebuilding...
[32m✔[39m Changes detected. Rebuilding...
[1mInitial chunk files[22m[2m | [22m[1mNames[22m[2m | [22m[1mRaw size[22m
[32mmain.js[39m            [2m | [22m[2mmain[22m [2m | [22m[36m26.79 kB[39m[2m | [22m

Application bundle generation complete. [0.223 seconds] - 2026-05-04T08:47:29.666Z

Component update sent to client(s).
[33m❯[39m Changes detected. Rebuilding...
[32m✔[39m Changes detected. Rebuilding...
[1mInitial chunk files[22m[2m | [22m[1mNames[22m[2m | [22m[1mRaw size[22m
[32mmain.js[39m            [2m | [22m[2mmain[22m [2m | [22m[36m27.19 kB[39m[2m | [22m

Application bundle generation complete. [0.484 seconds] - 2026-05-04T08:47:37.326Z

Component update sent to client(s).
[33m❯[39m Changes detected. Rebuilding...
[32m✔[39m Changes detected. Rebuilding...
[1mInitial chunk files[22m[2m | [22m[1mNames[22m         [2m | [22m[1mRaw size[22m
[32mmain.js[39m            [2m | [22m[2mmain[22m          [2m | [22m[36m27.19 kB[39m[2m | [22m

[1mLazy chunk files[22m   [2m | [22m[1mNames[22m         [2m | [22m[1mRaw size[22m
[32mchunk-DI4DJZY2.js[39m  [2m | [22m[2mhome-component[22m[2m | [22m[36m63.32 kB[39m[2m | [22m

Application bundle generation complete. [0.411 seconds] - 2026-05-04T08:47:46.684Z

Page reload sent to client(s).
[33m❯[39m Changes detected. Rebuilding...
[32m✔[39m Changes detected. Rebuilding...
[1mInitial chunk files[22m[2m | [22m[1mNames[22m         [2m | [22m[1mRaw size[22m
[32mmain.js[39m            [2m | [22m[2mmain[22m          [2m | [22m[36m27.19 kB[39m[2m | [22m

[1mLazy chunk files[22m   [2m | [22m[1mNames[22m         [2m | [22m[1mRaw size[22m
[32mchunk-IIZE7QRK.js[39m  [2m | [22m[2mhome-component[22m[2m | [22m[36m72.13 kB[39m[2m | [22m

Application bundle generation complete. [0.370 seconds] - 2026-05-04T08:48:12.970Z

Component update sent to client(s).
[33m❯[39m Changes detected. Rebuilding...
[32m✔[39m Changes detected. Rebuilding...
[1mInitial chunk files[22m[2m | [22m[1mNames[22m         [2m | [22m[1mRaw size[22m
[32mmain.js[39m            [2m | [22m[2mmain[22m          [2m | [22m[36m27.19 kB[39m[2m | [22m

[1mLazy chunk files[22m   [2m | [22m[1mNames[22m         [2m | [22m[1mRaw size[22m
[32mchunk-YJSQTOMN.js[39m  [2m | [22m[2mhome-component[22m[2m | [22m[36m74.29 kB[39m[2m | [22m

Application bundle generation complete. [0.492 seconds] - 2026-05-04T08:48:30.785Z

Component update sent to client(s).
[33m❯[39m Changes detected. Rebuilding...
[32m✔[39m Changes detected. Rebuilding...
[1mInitial chunk files[22m[2m | [22m[1mNames[22m              [2m | [22m[1mRaw size[22m
[32mmain.js[39m            [2m | [22m[2mmain[22m               [2m | [22m[36m27.19 kB[39m[2m | [22m

[1mLazy chunk files[22m   [2m | [22m[1mNames[22m              [2m | [22m[1mRaw size[22m
[32mchunk-UWL6NZ3O.js[39m  [2m | [22m[2mnews-list-component[22m[2m | [22m[36m18.48 kB[39m[2m | [22m

Application bundle generation complete. [0.347 seconds] - 2026-05-04T08:48:47.902Z

Page reload sent to client(s).
[33m❯[39m Changes detected. Rebuilding...
[32m✔[39m Changes detected. Rebuilding...
[1mInitial chunk files[22m[2m | [22m[1mNames[22m              [2m | [22m[1mRaw size[22m
[32mmain.js[39m            [2m | [22m[2mmain[22m               [2m | [22m[36m27.19 kB[39m[2m | [22m

[1mLazy chunk files[22m   [2m | [22m[1mNames[22m              [2m | [22m[1mRaw size[22m
[32mchunk-AAX5X7KS.js[39m  [2m | [22m[2mnews-list-component[22m[2m | [22m[36m21.10 kB[39m[2m | [22m

Application bundle generation complete. [0.297 seconds] - 2026-05-04T08:48:56.677Z

Component update sent to client(s).
[33m❯[39m Changes detected. Rebuilding...
[32m✔[39m Changes detected. Rebuilding...
[1mInitial chunk files[22m[2m | [22m[1mNames[22m              [2m | [22m[1mRaw size[22m
[32mmain.js[39m            [2m | [22m[2mmain[22m               [2m | [22m[36m27.19 kB[39m[2m | [22m

[1mLazy chunk files[22m   [2m | [22m[1mNames[22m              [2m | [22m[1mRaw size[22m
[32mchunk-TUH5ZMI4.js[39m  [2m | [22m[2mnews-list-component[22m[2m | [22m[36m22.62 kB[39m[2m | [22m
[32mchunk-7CK4T6J4.js[39m  [2m | [22m[2mcategory-component[22m [2m | [22m[36m18.88 kB[39m[2m | [22m

Application bundle generation complete. [0.385 seconds] - 2026-05-04T08:49:06.287Z

Component update sent to client(s).
[33m❯[39m Changes detected. Rebuilding...
[32m✔[39m Changes detected. Rebuilding...
[1mInitial chunk files[22m[2m | [22m[1mNames[22m             [2m | [22m[1mRaw size[22m
[32mmain.js[39m            [2m | [22m[2mmain[22m              [2m | [22m[36m27.19 kB[39m[2m | [22m

[1mLazy chunk files[22m   [2m | [22m[1mNames[22m             [2m | [22m[1mRaw size[22m
[32mchunk-UUMGICZG.js[39m  [2m | [22m[2mcategory-component[22m[2m | [22m[36m19.21 kB[39m[2m | [22m

Application bundle generation complete. [0.283 seconds] - 2026-05-04T08:49:13.315Z

Page reload sent to client(s).
[33m❯[39m Changes detected. Rebuilding...
[32m✔[39m Changes detected. Rebuilding...
[1mInitial chunk files[22m[2m | [22m[1mNames[22m             [2m | [22m[1mRaw size[22m
[32mmain.js[39m            [2m | [22m[2mmain[22m              [2m | [22m[36m27.19 kB[39m[2m | [22m

[1mLazy chunk files[22m   [2m | [22m[1mNames[22m             [2m | [22m[1mRaw size[22m
[32mchunk-4EW6RQIQ.js[39m  [2m | [22m[2mcategory-component[22m[2m | [22m[36m21.88 kB[39m[2m | [22m

Application bundle generation complete. [0.299 seconds] - 2026-05-04T08:49:22.095Z

Component update sent to client(s).
[33m❯[39m Changes detected. Rebuilding...
[32m✔[39m Changes detected. Rebuilding...
[1mInitial chunk files[22m[2m | [22m[1mNames[22m                [2m | [22m[1mRaw size[22m
[32mmain.js[39m            [2m | [22m[2mmain[22m                 [2m | [22m[36m27.19 kB[39m[2m | [22m

[1mLazy chunk files[22m   [2m | [22m[1mNames[22m                [2m | [22m[1mRaw size[22m
[32mchunk-WVN22VZI.js[39m  [2m | [22m[2mnews-detail-component[22m[2m | [22m[36m38.80 kB[39m[2m | [22m

Application bundle generation complete. [0.797 seconds] - 2026-05-04T08:49:36.655Z

Page reload sent to client(s).
[33m❯[39m Changes detected. Rebuilding...
[32m✔[39m Changes detected. Rebuilding...
[1mInitial chunk files[22m[2m | [22m[1mNames[22m                [2m | [22m[1mRaw size[22m
[32mmain.js[39m            [2m | [22m[2mmain[22m                 [2m | [22m[36m27.19 kB[39m[2m | [22m

[1mLazy chunk files[22m   [2m | [22m[1mNames[22m                [2m | [22m[1mRaw size[22m
[32mchunk-F2YFDYHG.js[39m  [2m | [22m[2mnews-detail-component[22m[2m | [22m[36m41.55 kB[39m[2m | [22m

Application bundle generation complete. [0.227 seconds] - 2026-05-04T08:49:47.168Z

Component update sent to client(s).
[33m❯[39m Changes detected. Rebuilding...
[32m✔[39m Changes detected. Rebuilding...
[1mInitial chunk files[22m[2m | [22m[1mNames[22m                [2m | [22m[1mRaw size[22m
[32mmain.js[39m            [2m | [22m[2mmain[22m                 [2m | [22m[36m27.19 kB[39m[2m | [22m

[1mLazy chunk files[22m   [2m | [22m[1mNames[22m                [2m | [22m[1mRaw size[22m
[32mchunk-3PZPOG3J.js[39m  [2m | [22m[2mnews-detail-component[22m[2m | [22m[36m45.27 kB[39m[2m | [22m

Application bundle generation complete. [0.268 seconds] - 2026-05-04T08:50:12.632Z

Component update sent to client(s).
[33m❯[39m Changes detected. Rebuilding...
[32m✔[39m Changes detected. Rebuilding...
[1mInitial chunk files[22m[2m | [22m[1mNames[22m                    [2m | [22m[1mRaw size[22m
[32mmain.js[39m            [2m | [22m[2mmain[22m                     [2m | [22m[36m27.19 kB[39m[2m | [22m
[32mchunk-BOPFY53E.js[39m  [2m | [22m[2m-[22m                        [2m | [22m [36m5.34 kB[39m[2m | [22m

[1mLazy chunk files[22m   [2m | [22m[1mNames[22m                    [2m | [22m[1mRaw size[22m
[32mchunk-WRZRHOSS.js[39m  [2m | [22m[2mhome-component[22m           [2m | [22m[36m74.29 kB[39m[2m | [22m
[32mchunk-4SIZCDPT.js[39m  [2m | [22m[2madmin-layout-component[22m   [2m | [22m[36m64.36 kB[39m[2m | [22m
[32mchunk-3JZ7CBU5.js[39m  [2m | [22m[2mnews-form-component[22m      [2m | [22m[36m63.03 kB[39m[2m | [22m
[32mchunk-J7ADN4Y4.js[39m  [2m | [22m[2mnews-detail-component[22m    [2m | [22m[36m45.27 kB[39m[2m | [22m
[32mchunk-PHD6IR2A.js[39m  [2m | [22m[2mnews-management-component[22m[2m | [22m[36m24.50 kB[39m[2m | [22m
[32mchunk-ZAHTCOBC.js[39m  [2m | [22m[2mnews-list-component[22m      [2m | [22m[36m22.62 kB[39m[2m | [22m
[32mchunk-7LRR7RZF.js[39m  [2m | [22m[2mcategory-component[22m       [2m | [22m[36m21.88 kB[39m[2m | [22m
[32mchunk-73JHOIVE.js[39m  [2m | [22m[2mteam-component[22m           [2m | [22m[36m20.53 kB[39m[2m | [22m
[32mchunk-IRSY3JQH.js[39m  [2m | [22m[2mmedia-library-component[22m  [2m | [22m[36m19.49 kB[39m[2m | [22m
[32mchunk-HTLKHEJQ.js[39m  [2m | [22m[2mcategories-component[22m     [2m | [22m[36m18.29 kB[39m[2m | [22m
[32mchunk-NA7OPEPY.js[39m  [2m | [22m[2mbreaking-news-component[22m  [2m | [22m[36m16.63 kB[39m[2m | [22m
[32mchunk-GCR77HZY.js[39m  [2m | [22m[2mdashboard-component[22m      [2m | [22m[36m15.88 kB[39m[2m | [22m
[32mchunk-6PBYBI4P.js[39m  [2m | [22m[2mcomments-component[22m       [2m | [22m[36m14.87 kB[39m[2m | [22m
[32mchunk-RRTRQS3L.js[39m  [2m | [22m[2mlogin-component[22m          [2m | [22m[36m10.77 kB[39m[2m | [22m
[32mchunk-34ZW45ID.js[39m  [2m | [22m[2m-[22m                        [2m | [22m[36m10.08 kB[39m[2m | [22m
[2m...and 3 more lazy chunks files. Use "--verbose" to show all the files.[22m

Application bundle generation complete. [1.267 seconds] - 2026-05-04T09:16:05.108Z

Page reload sent to client(s).
[33m❯[39m Changes detected. Rebuilding...
[32m✔[39m Changes detected. Rebuilding...
[1mInitial chunk files[22m[2m | [22m[1mNames[22m                    [2m | [22m[1mRaw size[22m
[32mmain.js[39m            [2m | [22m[2mmain[22m                     [2m | [22m[36m27.19 kB[39m[2m | [22m
[32mchunk-FPRGDQN4.js[39m  [2m | [22m[2m-[22m                        [2m | [22m [36m5.37 kB[39m[2m | [22m

[1mLazy chunk files[22m   [2m | [22m[1mNames[22m                    [2m | [22m[1mRaw size[22m
[32mchunk-5DEOPGTY.js[39m  [2m | [22m[2mhome-component[22m           [2m | [22m[36m74.29 kB[39m[2m | [22m
[32mchunk-CBD5BSJC.js[39m  [2m | [22m[2madmin-layout-component[22m   [2m | [22m[36m64.36 kB[39m[2m | [22m
[32mchunk-IMHYGSUP.js[39m  [2m | [22m[2mnews-form-component[22m      [2m | [22m[36m63.03 kB[39m[2m | [22m
[32mchunk-YRFWYCRW.js[39m  [2m | [22m[2mnews-detail-component[22m    [2m | [22m[36m45.27 kB[39m[2m | [22m
[32mchunk-CDQQEZPZ.js[39m  [2m | [22m[2mnews-management-component[22m[2m | [22m[36m24.50 kB[39m[2m | [22m
[32mchunk-DS7WM4DG.js[39m  [2m | [22m[2mnews-list-component[22m      [2m | [22m[36m22.62 kB[39m[2m | [22m
[32mchunk-WUSD5WNH.js[39m  [2m | [22m[2mcategory-component[22m       [2m | [22m[36m21.88 kB[39m[2m | [22m
[32mchunk-NHNHEOOC.js[39m  [2m | [22m[2mteam-component[22m           [2m | [22m[36m20.53 kB[39m[2m | [22m
[32mchunk-2YROIFCS.js[39m  [2m | [22m[2mmedia-library-component[22m  [2m | [22m[36m19.49 kB[39m[2m | [22m
[32mchunk-FQI2R3JU.js[39m  [2m | [22m[2mcategories-component[22m     [2m | [22m[36m18.29 kB[39m[2m | [22m
[32mchunk-NS2DHUH7.js[39m  [2m | [22m[2mbreaking-news-component[22m  [2m | [22m[36m16.63 kB[39m[2m | [22m
[32mchunk-X6ISFL4N.js[39m  [2m | [22m[2mdashboard-component[22m      [2m | [22m[36m15.88 kB[39m[2m | [22m
[32mchunk-V42KJK3B.js[39m  [2m | [22m[2mcomments-component[22m       [2m | [22m[36m14.87 kB[39m[2m | [22m
[32mchunk-YFW7MORZ.js[39m  [2m | [22m[2mlogin-component[22m          [2m | [22m[36m10.77 kB[39m[2m | [22m
[32mchunk-YWS64DSW.js[39m  [2m | [22m[2m-[22m                        [2m | [22m[36m10.08 kB[39m[2m | [22m
[2m...and 3 more lazy chunks files. Use "--verbose" to show all the files.[22m

Application bundle generation complete. [0.221 seconds] - 2026-05-04T09:16:15.008Z

Page reload sent to client(s).
[33m❯[39m Changes detected. Rebuilding...
[32m✔[39m Changes detected. Rebuilding...
[1mInitial chunk files[22m[2m | [22m[1mNames[22m          [2m | [22m[1mRaw size[22m
[32mmain.js[39m            [2m | [22m[2mmain[22m           [2m | [22m[36m27.19 kB[39m[2m | [22m

[1mLazy chunk files[22m   [2m | [22m[1mNames[22m          [2m | [22m[1mRaw size[22m
[32mchunk-AVT6LRFV.js[39m  [2m | [22m[2mlogin-component[22m[2m | [22m[36m10.83 kB[39m[2m | [22m

Application bundle generation complete. [0.129 seconds] - 2026-05-04T09:16:19.664Z

Page reload sent to client(s).
[33m❯[39m Changes detected. Rebuilding...
[32m✔[39m Changes detected. Rebuilding...
[1mInitial chunk files[22m[2m | [22m[1mNames[22m                  [2m | [22m[1mRaw size[22m
[32mmain.js[39m            [2m | [22m[2mmain[22m                   [2m | [22m[36m27.19 kB[39m[2m | [22m

[1mLazy chunk files[22m   [2m | [22m[1mNames[22m                  [2m | [22m[1mRaw size[22m
[32mchunk-I5PE3ZHT.js[39m  [2m | [22m[2mhome-component[22m         [2m | [22m[36m74.29 kB[39m[2m | [22m
[32mchunk-6DTDNPMI.js[39m  [2m | [22m[2mbreaking-news-component[22m[2m | [22m[36m16.63 kB[39m[2m | [22m
[32mchunk-UOSPQJWG.js[39m  [2m | [22m[2m-[22m                      [2m | [22m [36m5.46 kB[39m[2m | [22m

Application bundle generation complete. [1.573 seconds] - 2026-05-04T10:15:06.923Z

Page reload sent to client(s).
[33m❯[39m Changes detected. Rebuilding...
[32m✔[39m Changes detected. Rebuilding...
[1mInitial chunk files[22m[2m | [22m[1mNames[22m                  [2m | [22m[1mRaw size[22m
[32mmain.js[39m            [2m | [22m[2mmain[22m                   [2m | [22m[36m27.19 kB[39m[2m | [22m

[1mLazy chunk files[22m   [2m | [22m[1mNames[22m                  [2m | [22m[1mRaw size[22m
[32mchunk-TFMNI4MU.js[39m  [2m | [22m[2mmedia-library-component[22m[2m | [22m[36m20.25 kB[39m[2m | [22m

Application bundle generation complete. [0.559 seconds] - 2026-05-04T10:27:10.902Z

Page reload sent to client(s).
[33m❯[39m Changes detected. Rebuilding...
[32m✔[39m Changes detected. Rebuilding...
[1mInitial chunk files[22m[2m | [22m[1mNames[22m                  [2m | [22m[1mRaw size[22m
[32mmain.js[39m            [2m | [22m[2mmain[22m                   [2m | [22m[36m27.19 kB[39m[2m | [22m

[1mLazy chunk files[22m   [2m | [22m[1mNames[22m                  [2m | [22m[1mRaw size[22m
[32mchunk-IFYRW4GI.js[39m  [2m | [22m[2mmedia-library-component[22m[2m | [22m[36m20.41 kB[39m[2m | [22m

Application bundle generation complete. [0.737 seconds] - 2026-05-04T10:27:51.200Z

Page reload sent to client(s).
[33m❯[39m Changes detected. Rebuilding...
[32m✔[39m Changes detected. Rebuilding...
[1mInitial chunk files[22m[2m | [22m[1mNames[22m                  [2m | [22m[1mRaw size[22m
[32mmain.js[39m            [2m | [22m[2mmain[22m                   [2m | [22m[36m27.19 kB[39m[2m | [22m

[1mLazy chunk files[22m   [2m | [22m[1mNames[22m                  [2m | [22m[1mRaw size[22m
[32mchunk-RNBR7QXJ.js[39m  [2m | [22m[2mmedia-library-component[22m[2m | [22m[36m20.45 kB[39m[2m | [22m

Application bundle generation complete. [1.001 seconds] - 2026-05-04T10:28:00.932Z

Component update sent to client(s).
[33m❯[39m Changes detected. Rebuilding...
[32m✔[39m Changes detected. Rebuilding...
[1mInitial chunk files[22m[2m | [22m[1mNames[22m                  [2m | [22m[1mRaw size[22m
[32mmain.js[39m            [2m | [22m[2mmain[22m                   [2m | [22m[36m27.19 kB[39m[2m | [22m

[1mLazy chunk files[22m   [2m | [22m[1mNames[22m                  [2m | [22m[1mRaw size[22m
[32mchunk-VBTXN2VI.js[39m  [2m | [22m[2mnews-form-component[22m    [2m | [22m[36m63.26 kB[39m[2m | [22m
[32mchunk-TM2QFHSJ.js[39m  [2m | [22m[2mmedia-library-component[22m[2m | [22m[36m16.18 kB[39m[2m | [22m
[32mchunk-N3OWAG4R.js[39m  [2m | [22m[2m-[22m                      [2m | [22m [36m4.28 kB[39m[2m | [22m

Application bundle generation complete. [0.986 seconds] - 2026-05-04T10:28:10.595Z

Page reload sent to client(s).
[33m❯[39m Changes detected. Rebuilding...
[32m✔[39m Changes detected. Rebuilding...
[1mInitial chunk files[22m[2m | [22m[1mNames[22m                  [2m | [22m[1mRaw size[22m
[32mmain.js[39m            [2m | [22m[2mmain[22m                   [2m | [22m[36m27.19 kB[39m[2m | [22m

[1mLazy chunk files[22m   [2m | [22m[1mNames[22m                  [2m | [22m[1mRaw size[22m
[32mchunk-LPAWAQ5V.js[39m  [2m | [22m[2mnews-form-component[22m    [2m | [22m[36m63.26 kB[39m[2m | [22m
[32mchunk-SRQ42G6H.js[39m  [2m | [22m[2mmedia-library-component[22m[2m | [22m[36m16.18 kB[39m[2m | [22m
[32mchunk-GDXMILFH.js[39m  [2m | [22m[2m-[22m                      [2m | [22m [36m4.33 kB[39m[2m | [22m

Application bundle generation complete. [0.260 seconds] - 2026-05-04T10:28:30.212Z

Page reload sent to client(s).
[33m❯[39m Changes detected. Rebuilding...
[32m✔[39m Changes detected. Rebuilding...
[1mInitial chunk files[22m[2m | [22m[1mNames[22m                  [2m | [22m[1mRaw size[22m
[32mmain.js[39m            [2m | [22m[2mmain[22m                   [2m | [22m[36m27.19 kB[39m[2m | [22m

[1mLazy chunk files[22m   [2m | [22m[1mNames[22m                  [2m | [22m[1mRaw size[22m
[32mchunk-PI3ULF7E.js[39m  [2m | [22m[2mnews-form-component[22m    [2m | [22m[36m63.58 kB[39m[2m | [22m
[32mchunk-DOISWVRL.js[39m  [2m | [22m[2mmedia-library-component[22m[2m | [22m[36m16.49 kB[39m[2m | [22m

Application bundle generation complete. [2.293 seconds] - 2026-05-04T11:30:32.042Z

Page reload sent to client(s).
[33m❯[39m Changes detected. Rebuilding...
[32m✔[39m Changes detected. Rebuilding...
[1mInitial chunk files[22m[2m | [22m[1mNames[22m                    [2m | [22m[1mRaw size[22m
[32mmain.js[39m            [2m | [22m[2mmain[22m                     [2m | [22m[36m27.19 kB[39m[2m | [22m

[1mLazy chunk files[22m   [2m | [22m[1mNames[22m                    [2m | [22m[1mRaw size[22m
[32mchunk-PWLIAGEV.js[39m  [2m | [22m[2mhome-component[22m           [2m | [22m[36m74.30 kB[39m[2m | [22m
[32mchunk-V5BSSVCO.js[39m  [2m | [22m[2mnews-detail-component[22m    [2m | [22m[36m45.27 kB[39m[2m | [22m
[32mchunk-D64DJL4I.js[39m  [2m | [22m[2mnews-management-component[22m[2m | [22m[36m24.50 kB[39m[2m | [22m
[32mchunk-MU6FO4BC.js[39m  [2m | [22m[2mnews-list-component[22m      [2m | [22m[36m22.64 kB[39m[2m | [22m
[32mchunk-BXT2ZSF7.js[39m  [2m | [22m[2mcategory-component[22m       [2m | [22m[36m21.90 kB[39m[2m | [22m
[32mchunk-VUIEX7IO.js[39m  [2m | [22m[2m-[22m                        [2m | [22m [36m2.71 kB[39m[2m | [22m

Application bundle generation complete. [1.984 seconds] - 2026-05-04T11:47:50.827Z

Page reload sent to client(s).
[33m❯[39m Changes detected. Rebuilding...
[32m✔[39m Changes detected. Rebuilding...
[1mInitial chunk files[22m[2m | [22m[1mNames[22m         [2m | [22m[1mRaw size[22m
[32mmain.js[39m            [2m | [22m[2mmain[22m          [2m | [22m[36m27.19 kB[39m[2m | [22m

[1mLazy chunk files[22m   [2m | [22m[1mNames[22m         [2m | [22m[1mRaw size[22m
[32mchunk-J3C2Y7U3.js[39m  [2m | [22m[2mhome-component[22m[2m | [22m[36m76.68 kB[39m[2m | [22m

Application bundle generation complete. [0.673 seconds] - 2026-05-04T11:48:06.758Z

Component update sent to client(s).
[33m❯[39m Changes detected. Rebuilding...
[32m✔[39m Changes detected. Rebuilding...
[1mInitial chunk files[22m[2m | [22m[1mNames[22m              [2m | [22m[1mRaw size[22m
[32mmain.js[39m            [2m | [22m[2mmain[22m               [2m | [22m[36m27.19 kB[39m[2m | [22m

[1mLazy chunk files[22m   [2m | [22m[1mNames[22m              [2m | [22m[1mRaw size[22m
[32mchunk-LRKOX3D3.js[39m  [2m | [22m[2mnews-list-component[22m[2m | [22m[36m23.52 kB[39m[2m | [22m
[32mchunk-QJ2K5H3G.js[39m  [2m | [22m[2mcategory-component[22m [2m | [22m[36m22.78 kB[39m[2m | [22m

Application bundle generation complete. [0.509 seconds] - 2026-05-04T11:48:15.174Z

Component update sent to client(s).
[33m❯[39m Changes detected. Rebuilding...
[32m✔[39m Changes detected. Rebuilding...
[1mInitial chunk files[22m[2m | [22m[1mNames[22m                    [2m | [22m[1mRaw size[22m
[32mmain.js[39m            [2m | [22m[2mmain[22m                     [2m | [22m[36m27.15 kB[39m[2m | [22m
[32mchunk-D4PRUX5P.js[39m  [2m | [22m[2m-[22m                        [2m | [22m [36m7.24 kB[39m[2m | [22m
[32mchunk-TKQ7GBDA.js[39m  [2m | [22m[2m-[22m                        [2m | [22m [36m6.84 kB[39m[2m | [22m

[1mLazy chunk files[22m   [2m | [22m[1mNames[22m                    [2m | [22m[1mRaw size[22m
[32mchunk-ZU4W5DYC.js[39m  [2m | [22m[2mhome-component[22m           [2m | [22m[36m76.68 kB[39m[2m | [22m
[32mchunk-QFCYEDCS.js[39m  [2m | [22m[2madmin-layout-component[22m   [2m | [22m[36m64.32 kB[39m[2m | [22m
[32mchunk-C2ITD4BL.js[39m  [2m | [22m[2mnews-form-component[22m      [2m | [22m[36m63.54 kB[39m[2m | [22m
[32mchunk-HMMTHLQL.js[39m  [2m | [22m[2mnews-detail-component[22m    [2m | [22m[36m45.24 kB[39m[2m | [22m
[32mchunk-C66OZ7TL.js[39m  [2m | [22m[2mnews-management-component[22m[2m | [22m[36m24.46 kB[39m[2m | [22m
[32mchunk-3TAPMSPH.js[39m  [2m | [22m[2mnews-list-component[22m      [2m | [22m[36m23.52 kB[39m[2m | [22m
[32mchunk-OVILUNSZ.js[39m  [2m | [22m[2mcategory-component[22m       [2m | [22m[36m22.78 kB[39m[2m | [22m
[32mchunk-Y5GTWKAM.js[39m  [2m | [22m[2mteam-component[22m           [2m | [22m[36m20.49 kB[39m[2m | [22m
[32mchunk-OECC6YA5.js[39m  [2m | [22m[2mcategories-component[22m     [2m | [22m[36m18.25 kB[39m[2m | [22m
[32mchunk-2R3V5KBJ.js[39m  [2m | [22m[2mbreaking-news-component[22m  [2m | [22m[36m16.59 kB[39m[2m | [22m
[32mchunk-MPZR4VQW.js[39m  [2m | [22m[2mmedia-library-component[22m  [2m | [22m[36m16.46 kB[39m[2m | [22m
[32mchunk-6WS4VS3W.js[39m  [2m | [22m[2mdashboard-component[22m      [2m | [22m[36m15.88 kB[39m[2m | [22m
[32mchunk-XYLE46YW.js[39m  [2m | [22m[2mcomments-component[22m       [2m | [22m[36m14.83 kB[39m[2m | [22m
[32mchunk-PF6HQRRP.js[39m  [2m | [22m[2mlogin-component[22m          [2m | [22m[36m10.79 kB[39m[2m | [22m
[32mchunk-RH6AJHS4.js[39m  [2m | [22m[2m-[22m                        [2m | [22m[36m10.77 kB[39m[2m | [22m
[2m...and 4 more lazy chunks files. Use "--verbose" to show all the files.[22m

Application bundle generation complete. [1.201 seconds] - 2026-05-04T11:48:30.811Z

Page reload sent to client(s).
[33m❯[39m Changes detected. Rebuilding...
[32m✔[39m Changes detected. Rebuilding...
[1mInitial chunk files[22m[2m | [22m[1mNames[22m              [2m | [22m[1mRaw size[22m
[32mmain.js[39m            [2m | [22m[2mmain[22m               [2m | [22m[36m27.21 kB[39m[2m | [22m

[1mLazy chunk files[22m   [2m | [22m[1mNames[22m              [2m | [22m[1mRaw size[22m
[32mchunk-WZSFFPNK.js[39m  [2m | [22m[2mhome-component[22m     [2m | [22m[36m76.95 kB[39m[2m | [22m
[32mchunk-PQ3OH76J.js[39m  [2m | [22m[2mnews-list-component[22m[2m | [22m[36m23.50 kB[39m[2m | [22m
[32mchunk-3JUPTLGU.js[39m  [2m | [22m[2mnot-found-component[22m[2m | [22m [36m2.70 kB[39m[2m | [22m

Application bundle generation complete. [2.032 seconds] - 2026-05-04T12:03:48.632Z

Page reload sent to client(s).
[33m❯[39m Changes detected. Rebuilding...
[32m✔[39m Changes detected. Rebuilding...
[1mInitial chunk files[22m[2m | [22m[1mNames[22m         [2m | [22m[1mRaw size[22m
[32mmain.js[39m            [2m | [22m[2mmain[22m          [2m | [22m[36m27.21 kB[39m[2m | [22m

[1mLazy chunk files[22m   [2m | [22m[1mNames[22m         [2m | [22m[1mRaw size[22m
[32mchunk-JWFDFU2R.js[39m  [2m | [22m[2mhome-component[22m[2m | [22m[36m77.44 kB[39m[2m | [22m

Application bundle generation complete. [2.923 seconds] - 2026-05-04T16:00:28.774Z

Component update sent to client(s).
[33m❯[39m Changes detected. Rebuilding...
[32m✔[39m Changes detected. Rebuilding...
[1mInitial chunk files[22m[2m | [22m[1mNames[22m         [2m | [22m[1mRaw size[22m
[32mmain.js[39m            [2m | [22m[2mmain[22m          [2m | [22m[36m27.21 kB[39m[2m | [22m

[1mLazy chunk files[22m   [2m | [22m[1mNames[22m         [2m | [22m[1mRaw size[22m
[32mchunk-J4MD5JIW.js[39m  [2m | [22m[2mhome-component[22m[2m | [22m[36m77.41 kB[39m[2m | [22m

Application bundle generation complete. [2.852 seconds] - 2026-05-04T16:00:44.679Z

Component update sent to client(s).
[33m❯[39m Changes detected. Rebuilding...
[32m✔[39m Changes detected. Rebuilding...
[1mInitial chunk files[22m[2m | [22m[1mNames[22m              [2m | [22m[1mRaw size[22m
[32mmain.js[39m            [2m | [22m[2mmain[22m               [2m | [22m[36m27.21 kB[39m[2m | [22m

[1mLazy chunk files[22m   [2m | [22m[1mNames[22m              [2m | [22m[1mRaw size[22m
[32mchunk-OFC2UFTD.js[39m  [2m | [22m[2mnews-list-component[22m[2m | [22m[36m23.57 kB[39m[2m | [22m
[32mchunk-DQ36VRAX.js[39m  [2m | [22m[2mcategory-component[22m [2m | [22m[36m22.85 kB[39m[2m | [22m

Application bundle generation complete. [2.026 seconds] - 2026-05-04T16:00:47.939Z

Component update sent to client(s).
[33m❯[39m Changes detected. Rebuilding...
[32m✔[39m Changes detected. Rebuilding...
[1mInitial chunk files[22m[2m | [22m[1mNames[22m                [2m | [22m[1mRaw size[22m
[32mmain.js[39m            [2m | [22m[2mmain[22m                 [2m | [22m[36m27.21 kB[39m[2m | [22m

[1mLazy chunk files[22m   [2m | [22m[1mNames[22m                [2m | [22m[1mRaw size[22m
[32mchunk-ULEP3FHT.js[39m  [2m | [22m[2mnews-detail-component[22m[2m | [22m[36m45.46 kB[39m[2m | [22m

Application bundle generation complete. [2.524 seconds] - 2026-05-04T16:00:57.215Z

Component update sent to client(s).
[33m❯[39m Changes detected. Rebuilding...
[32m✔[39m Changes detected. Rebuilding...
[1mInitial chunk files[22m[2m | [22m[1mNames[22m                [2m | [22m[1mRaw size[22m
[32mmain.js[39m            [2m | [22m[2mmain[22m                 [2m | [22m[36m27.21 kB[39m[2m | [22m

[1mLazy chunk files[22m   [2m | [22m[1mNames[22m                [2m | [22m[1mRaw size[22m
[32mchunk-FADC2T6W.js[39m  [2m | [22m[2mhome-component[22m       [2m | [22m[36m77.52 kB[39m[2m | [22m
[32mchunk-PIBVPTC2.js[39m  [2m | [22m[2mnews-detail-component[22m[2m | [22m[36m45.84 kB[39m[2m | [22m
[32mchunk-BCFNAE45.js[39m  [2m | [22m[2mnews-list-component[22m  [2m | [22m[36m23.69 kB[39m[2m | [22m
[32mchunk-NT765FAS.js[39m  [2m | [22m[2mcategory-component[22m   [2m | [22m[36m22.96 kB[39m[2m | [22m

Application bundle generation complete. [4.316 seconds] - 2026-05-04T16:15:05.562Z

Component update sent to client(s).
[33m❯[39m Changes detected. Rebuilding...
[32m✔[39m Changes detected. Rebuilding...
[1mInitial chunk files[22m[2m | [22m[1mNames[22m                    [2m | [22m[1mRaw size[22m
[32mmain.js[39m            [2m | [22m[2mmain[22m                     [2m | [22m[36m27.21 kB[39m[2m | [22m

[1mLazy chunk files[22m   [2m | [22m[1mNames[22m                    [2m | [22m[1mRaw size[22m
[32mchunk-JCBWOBCV.js[39m  [2m | [22m[2mhome-component[22m           [2m | [22m[36m77.52 kB[39m[2m | [22m
[32mchunk-TO7C37R5.js[39m  [2m | [22m[2mnews-form-component[22m      [2m | [22m[36m63.54 kB[39m[2m | [22m
[32mchunk-3BPYEQRL.js[39m  [2m | [22m[2mnews-detail-component[22m    [2m | [22m[36m45.84 kB[39m[2m | [22m
[32mchunk-73UMYHSF.js[39m  [2m | [22m[2mnews-management-component[22m[2m | [22m[36m24.46 kB[39m[2m | [22m
[32mchunk-GTAPVOOZ.js[39m  [2m | [22m[2mnews-list-component[22m      [2m | [22m[36m23.69 kB[39m[2m | [22m
[32mchunk-NQZ3TU3C.js[39m  [2m | [22m[2mcategory-component[22m       [2m | [22m[36m22.96 kB[39m[2m | [22m
[32mchunk-7JEUTYCR.js[39m  [2m | [22m[2mdashboard-component[22m      [2m | [22m[36m15.88 kB[39m[2m | [22m
[32mchunk-QORVHTOJ.js[39m  [2m | [22m[2m-[22m                        [2m | [22m[36m12.04 kB[39m[2m | [22m

Application bundle generation complete. [2.676 seconds] - 2026-05-04T17:05:30.174Z

Page reload sent to client(s).
[33m❯[39m Changes detected. Rebuilding...
[32m✔[39m Changes detected. Rebuilding...
[1mInitial chunk files[22m[2m | [22m[1mNames[22m              [2m | [22m[1mRaw size[22m
[32mmain.js[39m            [2m | [22m[2mmain[22m               [2m | [22m[36m27.21 kB[39m[2m | [22m

[1mLazy chunk files[22m   [2m | [22m[1mNames[22m              [2m | [22m[1mRaw size[22m
[32mchunk-SBMQ6ZGJ.js[39m  [2m | [22m[2mnews-form-component[22m[2m | [22m[36m64.77 kB[39m[2m | [22m

Application bundle generation complete. [0.901 seconds] - 2026-05-04T17:05:45.347Z

Page reload sent to client(s).
[33m❯[39m Changes detected. Rebuilding...
[32m✔[39m Changes detected. Rebuilding...
[1mInitial chunk files[22m[2m | [22m[1mNames[22m                [2m | [22m[1mRaw size[22m
[32mmain.js[39m            [2m | [22m[2mmain[22m                 [2m | [22m[36m27.21 kB[39m[2m | [22m

[1mLazy chunk files[22m   [2m | [22m[1mNames[22m                [2m | [22m[1mRaw size[22m
[32mchunk-B3CJ7M2L.js[39m  [2m | [22m[2mnews-detail-component[22m[2m | [22m[36m44.87 kB[39m[2m | [22m

Application bundle generation complete. [0.726 seconds] - 2026-05-04T17:51:48.776Z

Component update sent to client(s).
[33m❯[39m Changes detected. Rebuilding...
[32m✔[39m Changes detected. Rebuilding...
[1mInitial chunk files[22m[2m | [22m[1mNames[22m                [2m | [22m[1mRaw size[22m
[32mmain.js[39m            [2m | [22m[2mmain[22m                 [2m | [22m[36m27.21 kB[39m[2m | [22m

[1mLazy chunk files[22m   [2m | [22m[1mNames[22m                [2m | [22m[1mRaw size[22m
[32mchunk-SITXAMKU.js[39m  [2m | [22m[2mnews-detail-component[22m[2m | [22m[36m44.56 kB[39m[2m | [22m

Application bundle generation complete. [0.659 seconds] - 2026-05-04T17:54:25.166Z

Component update sent to client(s).
[33m❯[39m Changes detected. Rebuilding...
[32m✔[39m Changes detected. Rebuilding...
Application bundle generation failed. [1.817 seconds] - 2026-05-04T18:01:49.785Z

[33m❯[39m Changes detected. Rebuilding...
[32m✔[39m Changes detected. Rebuilding...
Application bundle generation failed. [0.871 seconds] - 2026-05-04T18:02:07.977Z

[33m❯[39m Changes detected. Rebuilding...
[32m✔[39m Changes detected. Rebuilding...
[1mInitial chunk files[22m[2m | [22m[1mNames[22m                    [2m | [22m [1mRaw size[22m
[32mchunk-GKET3CIN.js[39m  [2m | [22m[2m-[22m                        [2m | [22m [36m31.91 kB[39m[2m | [22m
[32mstyles.css[39m         [2m | [22m[2mstyles[22m                   [2m | [22m [36m29.53 kB[39m[2m | [22m
[32mmain.js[39m            [2m | [22m[2mmain[22m                     [2m | [22m [36m27.21 kB[39m[2m | [22m
[32mchunk-D4PRUX5P.js[39m  [2m | [22m[2m-[22m                        [2m | [22m  [36m7.24 kB[39m[2m | [22m
[32mchunk-TKQ7GBDA.js[39m  [2m | [22m[2m-[22m                        [2m | [22m  [36m6.84 kB[39m[2m | [22m
[32mchunk-EVSPGG2W.js[39m  [2m | [22m[2m-[22m                        [2m | [22m  [36m1.64 kB[39m[2m | [22m
[32mpolyfills.js[39m       [2m | [22m[2mpolyfills[22m                [2m | [22m [36m95 bytes[39m[2m | [22m

[1m [22m                  [2m | [22m[1mInitial total[22m            [2m | [22m[1m104.47 kB[22m

[1mLazy chunk files[22m   [2m | [22m[1mNames[22m                    [2m | [22m [1mRaw size[22m
[32mchunk-7CAHG2QK.js[39m  [2m | [22m[2mhome-component[22m           [2m | [22m [36m77.55 kB[39m[2m | [22m
[32mchunk-4QEDFT3J.js[39m  [2m | [22m[2mnews-form-component[22m      [2m | [22m [36m65.01 kB[39m[2m | [22m
[32mchunk-QFCYEDCS.js[39m  [2m | [22m[2madmin-layout-component[22m   [2m | [22m [36m64.32 kB[39m[2m | [22m
[32mchunk-ZRUW6O6V.js[39m  [2m | [22m[2mnews-detail-component[22m    [2m | [22m [36m44.60 kB[39m[2m | [22m
[32mchunk-WHWE2UHU.js[39m  [2m | [22m[2mnews-management-component[22m[2m | [22m [36m24.46 kB[39m[2m | [22m
[32mchunk-XYNI6FHT.js[39m  [2m | [22m[2mnews-list-component[22m      [2m | [22m [36m23.72 kB[39m[2m | [22m
[32mchunk-JSVNA4YJ.js[39m  [2m | [22m[2mcategory-component[22m       [2m | [22m [36m22.99 kB[39m[2m | [22m
[32mchunk-Y5GTWKAM.js[39m  [2m | [22m[2mteam-component[22m           [2m | [22m [36m20.49 kB[39m[2m | [22m
[32mchunk-OECC6YA5.js[39m  [2m | [22m[2mcategories-component[22m     [2m | [22m [36m18.25 kB[39m[2m | [22m
[32mchunk-2R3V5KBJ.js[39m  [2m | [22m[2mbreaking-news-component[22m  [2m | [22m [36m16.59 kB[39m[2m | [22m
[32mchunk-MPZR4VQW.js[39m  [2m | [22m[2mmedia-library-component[22m  [2m | [22m [36m16.46 kB[39m[2m | [22m
[32mchunk-UMBC357A.js[39m  [2m | [22m[2mdashboard-component[22m      [2m | [22m [36m15.88 kB[39m[2m | [22m
[32mchunk-XYLE46YW.js[39m  [2m | [22m[2mcomments-component[22m       [2m | [22m [36m14.83 kB[39m[2m | [22m
[32mchunk-UIRFXTKT.js[39m  [2m | [22m[2m-[22m                        [2m | [22m [36m13.65 kB[39m[2m | [22m
[32mchunk-PF6HQRRP.js[39m  [2m | [22m[2mlogin-component[22m          [2m | [22m [36m10.79 kB[39m[2m | [22m
[2m...and 9 more lazy chunks files. Use "--verbose" to show all the files.[22m

Application bundle generation complete. [0.819 seconds] - 2026-05-04T18:02:17.567Z

Page reload sent to client(s).
[33m❯[39m Changes detected. Rebuilding...
[32m✔[39m Changes detected. Rebuilding...
[1mInitial chunk files[22m[2m | [22m[1mNames[22m              [2m | [22m[1mRaw size[22m
[32mmain.js[39m            [2m | [22m[2mmain[22m               [2m | [22m[36m27.21 kB[39m[2m | [22m

[1mLazy chunk files[22m   [2m | [22m[1mNames[22m              [2m | [22m[1mRaw size[22m
[32mchunk-V47R4ARO.js[39m  [2m | [22m[2mnews-form-component[22m[2m | [22m[36m66.59 kB[39m[2m | [22m

Application bundle generation complete. [1.207 seconds] - 2026-05-04T18:03:29.705Z

Component update sent to client(s).
[33m❯[39m Changes detected. Rebuilding...
[32m✔[39m Changes detected. Rebuilding...
Application bundle generation failed. [1.863 seconds] - 2026-05-04T18:03:51.537Z

[33m❯[39m Changes detected. Rebuilding...
[32m✔[39m Changes detected. Rebuilding...
Application bundle generation failed. [0.628 seconds] - 2026-05-04T18:03:58.764Z

[33m❯[39m Changes detected. Rebuilding...
[32m✔[39m Changes detected. Rebuilding...
[1mInitial chunk files[22m[2m | [22m[1mNames[22m                    [2m | [22m [1mRaw size[22m
[32mchunk-NTMYK5IB.js[39m  [2m | [22m[2m-[22m                        [2m | [22m [36m32.66 kB[39m[2m | [22m
[32mstyles.css[39m         [2m | [22m[2mstyles[22m                   [2m | [22m [36m29.53 kB[39m[2m | [22m
[32mmain.js[39m            [2m | [22m[2mmain[22m                     [2m | [22m [36m27.21 kB[39m[2m | [22m
[32mchunk-B4CXYY2P.js[39m  [2m | [22m[2m-[22m                        [2m | [22m  [36m7.24 kB[39m[2m | [22m
[32mchunk-TKQ7GBDA.js[39m  [2m | [22m[2m-[22m                        [2m | [22m  [36m6.84 kB[39m[2m | [22m
[32mchunk-EVSPGG2W.js[39m  [2m | [22m[2m-[22m                        [2m | [22m  [36m1.64 kB[39m[2m | [22m
[32mpolyfills.js[39m       [2m | [22m[2mpolyfills[22m                [2m | [22m [36m95 bytes[39m[2m | [22m

[1m [22m                  [2m | [22m[1mInitial total[22m            [2m | [22m[1m105.21 kB[22m

[1mLazy chunk files[22m   [2m | [22m[1mNames[22m                    [2m | [22m [1mRaw size[22m
[32mchunk-7CAHG2QK.js[39m  [2m | [22m[2mhome-component[22m           [2m | [22m [36m77.55 kB[39m[2m | [22m
[32mchunk-SZOVLZA5.js[39m  [2m | [22m[2mnews-form-component[22m      [2m | [22m [36m66.59 kB[39m[2m | [22m
[32mchunk-ANED6C6Q.js[39m  [2m | [22m[2madmin-layout-component[22m   [2m | [22m [36m64.32 kB[39m[2m | [22m
[32mchunk-ZRUW6O6V.js[39m  [2m | [22m[2mnews-detail-component[22m    [2m | [22m [36m44.60 kB[39m[2m | [22m
[32mchunk-DR6FI77C.js[39m  [2m | [22m[2mnews-management-component[22m[2m | [22m [36m30.55 kB[39m[2m | [22m
[32mchunk-XYNI6FHT.js[39m  [2m | [22m[2mnews-list-component[22m      [2m | [22m [36m23.72 kB[39m[2m | [22m
[32mchunk-JSVNA4YJ.js[39m  [2m | [22m[2mcategory-component[22m       [2m | [22m [36m22.99 kB[39m[2m | [22m
[32mchunk-F7RPO3EX.js[39m  [2m | [22m[2mteam-component[22m           [2m | [22m [36m20.49 kB[39m[2m | [22m
[32mchunk-O7EB3XGA.js[39m  [2m | [22m[2mcategories-component[22m     [2m | [22m [36m18.25 kB[39m[2m | [22m
[32mchunk-XO6QPK2B.js[39m  [2m | [22m[2mbreaking-news-component[22m  [2m | [22m [36m16.59 kB[39m[2m | [22m
[32mchunk-625PE6EI.js[39m  [2m | [22m[2mmedia-library-component[22m  [2m | [22m [36m16.46 kB[39m[2m | [22m
[32mchunk-KZZ2U4V7.js[39m  [2m | [22m[2mdashboard-component[22m      [2m | [22m [36m15.88 kB[39m[2m | [22m
[32mchunk-A35IHCIS.js[39m  [2m | [22m[2mcomments-component[22m       [2m | [22m [36m14.83 kB[39m[2m | [22m
[32mchunk-UIRFXTKT.js[39m  [2m | [22m[2m-[22m                        [2m | [22m [36m13.65 kB[39m[2m | [22m
[32mchunk-AOSKBCNT.js[39m  [2m | [22m[2mlogin-component[22m          [2m | [22m [36m10.79 kB[39m[2m | [22m
[2m...and 9 more lazy chunks files. Use "--verbose" to show all the files.[22m

Application bundle generation complete. [0.849 seconds] - 2026-05-04T18:04:10.067Z

Page reload sent to client(s).
[33m❯[39m Changes detected. Rebuilding...
[32m✔[39m Changes detected. Rebuilding...
[1mInitial chunk files[22m[2m | [22m[1mNames[22m                [2m | [22m[1mRaw size[22m
[32mmain.js[39m            [2m | [22m[2mmain[22m                 [2m | [22m[36m27.21 kB[39m[2m | [22m

[1mLazy chunk files[22m   [2m | [22m[1mNames[22m                [2m | [22m[1mRaw size[22m
[32mchunk-UNZKBGU3.js[39m  [2m | [22m[2mnews-detail-component[22m[2m | [22m[36m44.59 kB[39m[2m | [22m

Application bundle generation complete. [0.723 seconds] - 2026-05-04T18:18:50.913Z

Component update sent to client(s).
[33m❯[39m Changes detected. Rebuilding...
[32m✔[39m Changes detected. Rebuilding...
[1mInitial chunk files[22m[2m | [22m[1mNames[22m                [2m | [22m[1mRaw size[22m
[32mmain.js[39m            [2m | [22m[2mmain[22m                 [2m | [22m[36m27.21 kB[39m[2m | [22m

[1mLazy chunk files[22m   [2m | [22m[1mNames[22m                [2m | [22m[1mRaw size[22m
[32mchunk-AAR2GCPT.js[39m  [2m | [22m[2mnews-detail-component[22m[2m | [22m[36m44.87 kB[39m[2m | [22m

Application bundle generation complete. [0.929 seconds] - 2026-05-04T18:19:22.176Z

Component update sent to client(s).
[33m❯[39m Changes detected. Rebuilding...
[32m✔[39m Changes detected. Rebuilding...
[1mInitial chunk files[22m[2m | [22m[1mNames[22m[2m | [22m[1mRaw size[22m
[32mmain.js[39m            [2m | [22m[2mmain[22m [2m | [22m[36m27.47 kB[39m[2m | [22m

Application bundle generation complete. [0.431 seconds] - 2026-05-04T18:19:44.038Z

Component update sent to client(s).
[33m❯[39m Changes detected. Rebuilding...
[32m✔[39m Changes detected. Rebuilding...
[1mInitial chunk files[22m[2m | [22m[1mNames[22m[2m | [22m[1mRaw size[22m
[32mmain.js[39m            [2m | [22m[2mmain[22m [2m | [22m[36m27.93 kB[39m[2m | [22m

Application bundle generation complete. [0.471 seconds] - 2026-05-04T18:19:49.625Z

Component update sent to client(s).
[33m❯[39m Changes detected. Rebuilding...
[32m✔[39m Changes detected. Rebuilding...
[1mInitial chunk files[22m[2m | [22m[1mNames[22m[2m | [22m[1mRaw size[22m
[32mmain.js[39m            [2m | [22m[2mmain[22m [2m | [22m[36m28.16 kB[39m[2m | [22m

Application bundle generation complete. [0.369 seconds] - 2026-05-04T18:19:55.496Z

Component update sent to client(s).
[33m❯[39m Changes detected. Rebuilding...
[32m✔[39m Changes detected. Rebuilding...
[1mInitial chunk files[22m[2m | [22m[1mNames[22m         [2m | [22m[1mRaw size[22m
[32mmain.js[39m            [2m | [22m[2mmain[22m          [2m | [22m[36m28.16 kB[39m[2m | [22m

[1mLazy chunk files[22m   [2m | [22m[1mNames[22m         [2m | [22m[1mRaw size[22m
[32mchunk-PIRVBE4E.js[39m  [2m | [22m[2mhome-component[22m[2m | [22m[36m78.32 kB[39m[2m | [22m

Application bundle generation complete. [0.675 seconds] - 2026-05-04T18:20:40.394Z

Component update sent to client(s).
[33m❯[39m Changes detected. Rebuilding...
[32m✔[39m Changes detected. Rebuilding...
[1mInitial chunk files[22m[2m | [22m[1mNames[22m              [2m | [22m[1mRaw size[22m
[32mmain.js[39m            [2m | [22m[2mmain[22m               [2m | [22m[36m28.16 kB[39m[2m | [22m

[1mLazy chunk files[22m   [2m | [22m[1mNames[22m              [2m | [22m[1mRaw size[22m
[32mchunk-W5J622VB.js[39m  [2m | [22m[2mnews-list-component[22m[2m | [22m[36m23.85 kB[39m[2m | [22m
[32mchunk-FS3DTRFJ.js[39m  [2m | [22m[2mcategory-component[22m [2m | [22m[36m23.13 kB[39m[2m | [22m

Application bundle generation complete. [0.552 seconds] - 2026-05-04T18:20:59.348Z

Component update sent to client(s).
[33m❯[39m Changes detected. Rebuilding...
[32m✔[39m Changes detected. Rebuilding...
Application bundle generation failed. [6.422 seconds] - 2026-05-05T02:50:20.857Z

[33m❯[39m Changes detected. Rebuilding...
[32m✔[39m Changes detected. Rebuilding...
[1mInitial chunk files[22m[2m | [22m[1mNames[22m                    [2m | [22m [1mRaw size[22m
[32mchunk-NTMYK5IB.js[39m  [2m | [22m[2m-[22m                        [2m | [22m [36m32.66 kB[39m[2m | [22m
[32mstyles.css[39m         [2m | [22m[2mstyles[22m                   [2m | [22m [36m29.53 kB[39m[2m | [22m
[32mmain.js[39m            [2m | [22m[2mmain[22m                     [2m | [22m [36m28.16 kB[39m[2m | [22m
[32mchunk-B4CXYY2P.js[39m  [2m | [22m[2m-[22m                        [2m | [22m  [36m7.24 kB[39m[2m | [22m
[32mchunk-TKQ7GBDA.js[39m  [2m | [22m[2m-[22m                        [2m | [22m  [36m6.84 kB[39m[2m | [22m
[32mchunk-EVSPGG2W.js[39m  [2m | [22m[2m-[22m                        [2m | [22m  [36m1.64 kB[39m[2m | [22m
[32mpolyfills.js[39m       [2m | [22m[2mpolyfills[22m                [2m | [22m [36m95 bytes[39m[2m | [22m

[1m [22m                  [2m | [22m[1mInitial total[22m            [2m | [22m[1m106.16 kB[22m

[1mLazy chunk files[22m   [2m | [22m[1mNames[22m                    [2m | [22m [1mRaw size[22m
[32mchunk-GUZAEYRB.js[39m  [2m | [22m[2mhome-component[22m           [2m | [22m [36m78.32 kB[39m[2m | [22m
[32mchunk-WWNIVUGR.js[39m  [2m | [22m[2mnews-form-component[22m      [2m | [22m [36m66.88 kB[39m[2m | [22m
[32mchunk-ANED6C6Q.js[39m  [2m | [22m[2madmin-layout-component[22m   [2m | [22m [36m64.32 kB[39m[2m | [22m
[32mchunk-7DDERDSF.js[39m  [2m | [22m[2mnews-detail-component[22m    [2m | [22m [36m44.87 kB[39m[2m | [22m
[32mchunk-R4M6UMXJ.js[39m  [2m | [22m[2mnews-management-component[22m[2m | [22m [36m30.55 kB[39m[2m | [22m
[32mchunk-4JDIFTYT.js[39m  [2m | [22m[2mnews-list-component[22m      [2m | [22m [36m23.85 kB[39m[2m | [22m
[32mchunk-BVGUGPB3.js[39m  [2m | [22m[2mcategory-component[22m       [2m | [22m [36m23.13 kB[39m[2m | [22m
[32mchunk-F7RPO3EX.js[39m  [2m | [22m[2mteam-component[22m           [2m | [22m [36m20.49 kB[39m[2m | [22m
[32mchunk-O7EB3XGA.js[39m  [2m | [22m[2mcategories-component[22m     [2m | [22m [36m18.25 kB[39m[2m | [22m
[32mchunk-XO6QPK2B.js[39m  [2m | [22m[2mbreaking-news-component[22m  [2m | [22m [36m16.59 kB[39m[2m | [22m
[32mchunk-625PE6EI.js[39m  [2m | [22m[2mmedia-library-component[22m  [2m | [22m [36m16.46 kB[39m[2m | [22m
[32mchunk-VQ2OF6UN.js[39m  [2m | [22m[2mdashboard-component[22m      [2m | [22m [36m15.88 kB[39m[2m | [22m
[32mchunk-A35IHCIS.js[39m  [2m | [22m[2mcomments-component[22m       [2m | [22m [36m14.83 kB[39m[2m | [22m
[32mchunk-2PD6IAVC.js[39m  [2m | [22m[2m-[22m                        [2m | [22m [36m13.90 kB[39m[2m | [22m
[32mchunk-AOSKBCNT.js[39m  [2m | [22m[2mlogin-component[22m          [2m | [22m [36m10.79 kB[39m[2m | [22m
[2m...and 9 more lazy chunks files. Use "--verbose" to show all the files.[22m

Application bundle generation complete. [1.915 seconds] - 2026-05-05T02:50:24.126Z

Page reload sent to client(s).
[33m❯[39m Changes detected. Rebuilding...
[32m✔[39m Changes detected. Rebuilding...
Application bundle generation failed. [1.349 seconds] - 2026-05-05T02:50:32.794Z

[33m❯[39m Changes detected. Rebuilding...
[32m✔[39m Changes detected. Rebuilding...
Application bundle generation failed. [1.975 seconds] - 2026-05-05T02:50:39.719Z

[33m❯[39m Changes detected. Rebuilding...
[32m✔[39m Changes detected. Rebuilding...
Application bundle generation failed. [1.102 seconds] - 2026-05-05T02:50:46.612Z

[33m❯[39m Changes detected. Rebuilding...
[32m✔[39m Changes detected. Rebuilding...
Application bundle generation failed. [1.163 seconds] - 2026-05-05T02:50:57.117Z

[33m❯[39m Changes detected. Rebuilding...
[32m✔[39m Changes detected. Rebuilding...
Application bundle generation failed. [1.585 seconds] - 2026-05-05T02:51:08.710Z

[33m❯[39m Changes detected. Rebuilding...
[32m✔[39m Changes detected. Rebuilding...
Application bundle generation failed. [1.444 seconds] - 2026-05-05T02:51:18.698Z

[33m❯[39m Changes detected. Rebuilding...
[32m✔[39m Changes detected. Rebuilding...
[1mInitial chunk files[22m[2m | [22m[1mNames[22m                    [2m | [22m [1mRaw size[22m
[32mchunk-YRT7VFXM.js[39m  [2m | [22m[2m-[22m                        [2m | [22m [36m34.24 kB[39m[2m | [22m
[32mstyles.css[39m         [2m | [22m[2mstyles[22m                   [2m | [22m [36m29.53 kB[39m[2m | [22m
[32mmain.js[39m            [2m | [22m[2mmain[22m                     [2m | [22m [36m28.16 kB[39m[2m | [22m
[32mchunk-Q3TR3F6F.js[39m  [2m | [22m[2m-[22m                        [2m | [22m  [36m7.24 kB[39m[2m | [22m
[32mchunk-TKQ7GBDA.js[39m  [2m | [22m[2m-[22m                        [2m | [22m  [36m6.84 kB[39m[2m | [22m
[32mchunk-EVSPGG2W.js[39m  [2m | [22m[2m-[22m                        [2m | [22m  [36m1.64 kB[39m[2m | [22m
[32mpolyfills.js[39m       [2m | [22m[2mpolyfills[22m                [2m | [22m [36m95 bytes[39m[2m | [22m

[1m [22m                  [2m | [22m[1mInitial total[22m            [2m | [22m[1m107.74 kB[22m

[1mLazy chunk files[22m   [2m | [22m[1mNames[22m                    [2m | [22m [1mRaw size[22m
[32mchunk-GUZAEYRB.js[39m  [2m | [22m[2mhome-component[22m           [2m | [22m [36m78.32 kB[39m[2m | [22m
[32mchunk-Z3MIB6GT.js[39m  [2m | [22m[2mnews-form-component[22m      [2m | [22m [36m72.20 kB[39m[2m | [22m
[32mchunk-YJ5UXGPJ.js[39m  [2m | [22m[2madmin-layout-component[22m   [2m | [22m [36m64.32 kB[39m[2m | [22m
[32mchunk-4Y2KWTKO.js[39m  [2m | [22m[2mnews-detail-component[22m    [2m | [22m [36m48.06 kB[39m[2m | [22m
[32mchunk-VEQWTNAC.js[39m  [2m | [22m[2mnews-management-component[22m[2m | [22m [36m30.55 kB[39m[2m | [22m
[32mchunk-4JDIFTYT.js[39m  [2m | [22m[2mnews-list-component[22m      [2m | [22m [36m23.85 kB[39m[2m | [22m
[32mchunk-BVGUGPB3.js[39m  [2m | [22m[2mcategory-component[22m       [2m | [22m [36m23.13 kB[39m[2m | [22m
[32mchunk-EWY5LQAY.js[39m  [2m | [22m[2mteam-component[22m           [2m | [22m [36m20.49 kB[39m[2m | [22m
[32mchunk-HKXQC5KO.js[39m  [2m | [22m[2mcategories-component[22m     [2m | [22m [36m18.25 kB[39m[2m | [22m
[32mchunk-LOM5D3XU.js[39m  [2m | [22m[2mbreaking-news-component[22m  [2m | [22m [36m16.59 kB[39m[2m | [22m
[32mchunk-5HMGN7W7.js[39m  [2m | [22m[2mmedia-library-component[22m  [2m | [22m [36m16.46 kB[39m[2m | [22m
[32mchunk-AZOTMCMJ.js[39m  [2m | [22m[2mdashboard-component[22m      [2m | [22m [36m15.88 kB[39m[2m | [22m
[32mchunk-FTDZFBPY.js[39m  [2m | [22m[2mcomments-component[22m       [2m | [22m [36m14.83 kB[39m[2m | [22m
[32mchunk-2PD6IAVC.js[39m  [2m | [22m[2m-[22m                        [2m | [22m [36m13.90 kB[39m[2m | [22m
[32mchunk-67OQNZWA.js[39m  [2m | [22m[2mlogin-component[22m          [2m | [22m [36m10.79 kB[39m[2m | [22m
[2m...and 9 more lazy chunks files. Use "--verbose" to show all the files.[22m

Application bundle generation complete. [1.041 seconds] - 2026-05-05T03:07:52.329Z

Page reload sent to client(s).
[33m❯[39m Changes detected. Rebuilding...
[32m✔[39m Changes detected. Rebuilding...
[1mInitial chunk files[22m[2m | [22m[1mNames[22m              [2m | [22m[1mRaw size[22m
[32mmain.js[39m            [2m | [22m[2mmain[22m               [2m | [22m[36m28.16 kB[39m[2m | [22m

[1mLazy chunk files[22m   [2m | [22m[1mNames[22m              [2m | [22m[1mRaw size[22m
[32mchunk-SBYBG6BU.js[39m  [2m | [22m[2mnews-form-component[22m[2m | [22m[36m75.02 kB[39m[2m | [22m

Application bundle generation complete. [1.084 seconds] - 2026-05-05T03:07:58.133Z

Component update sent to client(s).
[33m❯[39m Changes detected. Rebuilding...
[32m✔[39m Changes detected. Rebuilding...
[1mInitial chunk files[22m[2m | [22m[1mNames[22m                [2m | [22m[1mRaw size[22m
[32mmain.js[39m            [2m | [22m[2mmain[22m                 [2m | [22m[36m28.16 kB[39m[2m | [22m

[1mLazy chunk files[22m   [2m | [22m[1mNames[22m                [2m | [22m[1mRaw size[22m
[32mchunk-VULEAAVQ.js[39m  [2m | [22m[2mnews-detail-component[22m[2m | [22m[36m48.50 kB[39m[2m | [22m

Application bundle generation complete. [1.006 seconds] - 2026-05-05T03:08:03.252Z

Component update sent to client(s).
[33m❯[39m Changes detected. Rebuilding...
[32m✔[39m Changes detected. Rebuilding...
[1mInitial chunk files[22m[2m | [22m[1mNames[22m                [2m | [22m[1mRaw size[22m
[32mmain.js[39m            [2m | [22m[2mmain[22m                 [2m | [22m[36m28.16 kB[39m[2m | [22m

[1mLazy chunk files[22m   [2m | [22m[1mNames[22m                [2m | [22m[1mRaw size[22m
[32mchunk-WD6Q4Q2P.js[39m  [2m | [22m[2mnews-detail-component[22m[2m | [22m[36m49.04 kB[39m[2m | [22m

Application bundle generation complete. [0.651 seconds] - 2026-05-05T03:35:17.023Z

Component update sent to client(s).
[33m❯[39m Changes detected. Rebuilding...
[32m✔[39m Changes detected. Rebuilding...
[1mInitial chunk files[22m[2m | [22m[1mNames[22m [2m | [22m[1mRaw size[22m
[32mstyles.css[39m         [2m | [22m[2mstyles[22m[2m | [22m[36m29.93 kB[39m[2m | [22m

Application bundle generation complete. [0.020 seconds] - 2026-05-05T03:48:46.019Z

Stylesheet update sent to client(s).
[33m❯[39m Changes detected. Rebuilding...
[32m✔[39m Changes detected. Rebuilding...
[1mInitial chunk files[22m[2m | [22m[1mNames[22m[2m | [22m[1mRaw size[22m
[32mmain.js[39m            [2m | [22m[2mmain[22m [2m | [22m[36m28.20 kB[39m[2m | [22m

Application bundle generation complete. [0.352 seconds] - 2026-05-05T03:48:52.935Z

Component update sent to client(s).
[33m❯[39m Changes detected. Rebuilding...
[32m✔[39m Changes detected. Rebuilding...
[1mInitial chunk files[22m[2m | [22m[1mNames[22m         [2m | [22m[1mRaw size[22m
[32mmain.js[39m            [2m | [22m[2mmain[22m          [2m | [22m[36m28.20 kB[39m[2m | [22m

[1mLazy chunk files[22m   [2m | [22m[1mNames[22m         [2m | [22m[1mRaw size[22m
[32mchunk-5DA7RQXM.js[39m  [2m | [22m[2mhome-component[22m[2m | [22m[36m78.67 kB[39m[2m | [22m

Application bundle generation complete. [1.306 seconds] - 2026-05-05T03:49:05.852Z

Component update sent to client(s).
[33m❯[39m Changes detected. Rebuilding...
[32m✔[39m Changes detected. Rebuilding...
[1mInitial chunk files[22m[2m | [22m[1mNames[22m              [2m | [22m[1mRaw size[22m
[32mmain.js[39m            [2m | [22m[2mmain[22m               [2m | [22m[36m28.20 kB[39m[2m | [22m

[1mLazy chunk files[22m   [2m | [22m[1mNames[22m              [2m | [22m[1mRaw size[22m
[32mchunk-6BVK2BVO.js[39m  [2m | [22m[2mnews-list-component[22m[2m | [22m[36m23.85 kB[39m[2m | [22m
[32mchunk-PIJWHRA5.js[39m  [2m | [22m[2mcategory-component[22m [2m | [22m[36m23.12 kB[39m[2m | [22m

Application bundle generation complete. [0.619 seconds] - 2026-05-05T03:49:11.692Z

Component update sent to client(s).
[33m❯[39m Changes detected. Rebuilding...
[32m✔[39m Changes detected. Rebuilding...
[1mInitial chunk files[22m[2m | [22m[1mNames[22m                [2m | [22m[1mRaw size[22m
[32mmain.js[39m            [2m | [22m[2mmain[22m                 [2m | [22m[36m28.20 kB[39m[2m | [22m

[1mLazy chunk files[22m   [2m | [22m[1mNames[22m                [2m | [22m[1mRaw size[22m
[32mchunk-KUDTYXNY.js[39m  [2m | [22m[2mnews-detail-component[22m[2m | [22m[36m49.46 kB[39m[2m | [22m

Application bundle generation complete. [0.659 seconds] - 2026-05-05T03:49:32.492Z

Component update sent to client(s).
[33m❯[39m Changes detected. Rebuilding...
[32m✔[39m Changes detected. Rebuilding...
[1mInitial chunk files[22m[2m | [22m[1mNames[22m[2m | [22m[1mRaw size[22m
[32mmain.js[39m            [2m | [22m[2mmain[22m [2m | [22m[36m28.30 kB[39m[2m | [22m

Application bundle generation complete. [0.449 seconds] - 2026-05-05T04:31:59.042Z

Component update sent to client(s).
[33m❯[39m Changes detected. Rebuilding...
[32m✔[39m Changes detected. Rebuilding...
[1mInitial chunk files[22m[2m | [22m[1mNames[22m                [2m | [22m[1mRaw size[22m
[32mmain.js[39m            [2m | [22m[2mmain[22m                 [2m | [22m[36m28.30 kB[39m[2m | [22m

[1mLazy chunk files[22m   [2m | [22m[1mNames[22m                [2m | [22m[1mRaw size[22m
[32mchunk-AZDLKYT5.js[39m  [2m | [22m[2mnews-detail-component[22m[2m | [22m[36m49.91 kB[39m[2m | [22m

Application bundle generation complete. [0.780 seconds] - 2026-05-05T04:32:30.043Z

Component update sent to client(s).
[33m❯[39m Changes detected. Rebuilding...
[32m✔[39m Changes detected. Rebuilding...
[1mInitial chunk files[22m[2m | [22m[1mNames[22m                [2m | [22m[1mRaw size[22m
[32mmain.js[39m            [2m | [22m[2mmain[22m                 [2m | [22m[36m28.30 kB[39m[2m | [22m

[1mLazy chunk files[22m   [2m | [22m[1mNames[22m                [2m | [22m[1mRaw size[22m
[32mchunk-E75MHYDA.js[39m  [2m | [22m[2mnews-detail-component[22m[2m | [22m[36m51.37 kB[39m[2m | [22m

Application bundle generation complete. [0.777 seconds] - 2026-05-05T04:33:04.128Z

Component update sent to client(s).
[33m❯[39m Changes detected. Rebuilding...
[32m✔[39m Changes detected. Rebuilding...
[1mInitial chunk files[22m[2m | [22m[1mNames[22m                [2m | [22m[1mRaw size[22m
[32mmain.js[39m            [2m | [22m[2mmain[22m                 [2m | [22m[36m28.30 kB[39m[2m | [22m

[1mLazy chunk files[22m   [2m | [22m[1mNames[22m                [2m | [22m[1mRaw size[22m
[32mchunk-XBHWYKUM.js[39m  [2m | [22m[2mnews-detail-component[22m[2m | [22m[36m51.52 kB[39m[2m | [22m

Application bundle generation complete. [0.534 seconds] - 2026-05-05T04:33:11.002Z

Component update sent to client(s).
[33m❯[39m Changes detected. Rebuilding...
[32m✔[39m Changes detected. Rebuilding...
[1mInitial chunk files[22m[2m | [22m[1mNames[22m                [2m | [22m[1mRaw size[22m
[32mmain.js[39m            [2m | [22m[2mmain[22m                 [2m | [22m[36m28.30 kB[39m[2m | [22m

[1mLazy chunk files[22m   [2m | [22m[1mNames[22m                [2m | [22m[1mRaw size[22m
[32mchunk-VZC32WVP.js[39m  [2m | [22m[2mnews-detail-component[22m[2m | [22m[36m51.78 kB[39m[2m | [22m

Application bundle generation complete. [0.934 seconds] - 2026-05-05T04:33:19.215Z

Component update sent to client(s).
[33m❯[39m Changes detected. Rebuilding...
[32m✔[39m Changes detected. Rebuilding...
[1mInitial chunk files[22m[2m | [22m[1mNames[22m                    [2m | [22m[1mRaw size[22m
[32mmain.js[39m            [2m | [22m[2mmain[22m                     [2m | [22m[36m28.30 kB[39m[2m | [22m

[1mLazy chunk files[22m   [2m | [22m[1mNames[22m                    [2m | [22m[1mRaw size[22m
[32mchunk-U4BFVY3A.js[39m  [2m | [22m[2mnews-management-component[22m[2m | [22m[36m31.09 kB[39m[2m | [22m

Application bundle generation complete. [0.849 seconds] - 2026-05-05T04:33:32.744Z

Page reload sent to client(s).
[33m❯[39m Changes detected. Rebuilding...
[32m✔[39m Changes detected. Rebuilding...
[1mInitial chunk files[22m[2m | [22m[1mNames[22m                    [2m | [22m[1mRaw size[22m
[32mmain.js[39m            [2m | [22m[2mmain[22m                     [2m | [22m[36m28.30 kB[39m[2m | [22m

[1mLazy chunk files[22m   [2m | [22m[1mNames[22m                    [2m | [22m[1mRaw size[22m
[32mchunk-TT7PMH6Y.js[39m  [2m | [22m[2mnews-management-component[22m[2m | [22m[36m30.03 kB[39m[2m | [22m

Application bundle generation complete. [0.454 seconds] - 2026-05-05T04:33:38.649Z

Component update sent to client(s).
[33m❯[39m Changes detected. Rebuilding...
[32m✔[39m Changes detected. Rebuilding...
[1mInitial chunk files[22m[2m | [22m[1mNames[22m                [2m | [22m[1mRaw size[22m
[32mmain.js[39m            [2m | [22m[2mmain[22m                 [2m | [22m[36m28.30 kB[39m[2m | [22m

[1mLazy chunk files[22m   [2m | [22m[1mNames[22m                [2m | [22m[1mRaw size[22m
[32mchunk-GIXAU7QM.js[39m  [2m | [22m[2mnews-detail-component[22m[2m | [22m[36m51.91 kB[39m[2m | [22m

Application bundle generation complete. [1.219 seconds] - 2026-05-05T04:44:58.778Z

Component update sent to client(s).
[33m❯[39m Changes detected. Rebuilding...
[32m✔[39m Changes detected. Rebuilding...
[1mInitial chunk files[22m[2m | [22m[1mNames[22m                [2m | [22m[1mRaw size[22m
[32mmain.js[39m            [2m | [22m[2mmain[22m                 [2m | [22m[36m28.30 kB[39m[2m | [22m

[1mLazy chunk files[22m   [2m | [22m[1mNames[22m                [2m | [22m[1mRaw size[22m
[32mchunk-QSIRWFFK.js[39m  [2m | [22m[2mnews-detail-component[22m[2m | [22m[36m53.01 kB[39m[2m | [22m

Application bundle generation complete. [1.073 seconds] - 2026-05-05T05:14:34.027Z

Page reload sent to client(s).
[33m❯[39m Changes detected. Rebuilding...
[32m✔[39m Changes detected. Rebuilding...
[1mInitial chunk files[22m[2m | [22m[1mNames[22m                [2m | [22m[1mRaw size[22m
[32mmain.js[39m            [2m | [22m[2mmain[22m                 [2m | [22m[36m28.30 kB[39m[2m | [22m

[1mLazy chunk files[22m   [2m | [22m[1mNames[22m                [2m | [22m[1mRaw size[22m
[32mchunk-V2DU6DTZ.js[39m  [2m | [22m[2mnews-detail-component[22m[2m | [22m[36m53.44 kB[39m[2m | [22m

Application bundle generation complete. [1.053 seconds] - 2026-05-05T05:14:36.210Z

Component update sent to client(s).
[33m❯[39m Changes detected. Rebuilding...
[32m✔[39m Changes detected. Rebuilding...
[1mInitial chunk files[22m[2m | [22m[1mNames[22m                [2m | [22m[1mRaw size[22m
[32mmain.js[39m            [2m | [22m[2mmain[22m                 [2m | [22m[36m28.30 kB[39m[2m | [22m

[1mLazy chunk files[22m   [2m | [22m[1mNames[22m                [2m | [22m[1mRaw size[22m
[32mchunk-7MD2XJAC.js[39m  [2m | [22m[2mnews-detail-component[22m[2m | [22m[36m55.46 kB[39m[2m | [22m

Application bundle generation complete. [0.675 seconds] - 2026-05-05T05:17:26.582Z

Page reload sent to client(s).
[33m❯[39m Changes detected. Rebuilding...
[32m✔[39m Changes detected. Rebuilding...
[1mInitial chunk files[22m[2m | [22m[1mNames[22m                [2m | [22m[1mRaw size[22m
[32mmain.js[39m            [2m | [22m[2mmain[22m                 [2m | [22m[36m28.30 kB[39m[2m | [22m

[1mLazy chunk files[22m   [2m | [22m[1mNames[22m                [2m | [22m[1mRaw size[22m
[32mchunk-I45W4OP6.js[39m  [2m | [22m[2mnews-detail-component[22m[2m | [22m[36m65.20 kB[39m[2m | [22m

Application bundle generation complete. [0.551 seconds] - 2026-05-05T05:17:32.952Z

Component update sent to client(s).
[33m❯[39m Changes detected. Rebuilding...
[32m✔[39m Changes detected. Rebuilding...
[1mInitial chunk files[22m[2m | [22m[1mNames[22m                [2m | [22m[1mRaw size[22m
[32mmain.js[39m            [2m | [22m[2mmain[22m                 [2m | [22m[36m28.30 kB[39m[2m | [22m

[1mLazy chunk files[22m   [2m | [22m[1mNames[22m                [2m | [22m[1mRaw size[22m
[32mchunk-WI7SYLQG.js[39m  [2m | [22m[2mnews-detail-component[22m[2m | [22m[36m68.95 kB[39m[2m | [22m

Application bundle generation complete. [1.097 seconds] - 2026-05-05T05:18:07.805Z

Component update sent to client(s).
[33m❯[39m Changes detected. Rebuilding...
[32m✔[39m Changes detected. Rebuilding...
[1mInitial chunk files[22m[2m | [22m[1mNames[22m                [2m | [22m[1mRaw size[22m
[32mmain.js[39m            [2m | [22m[2mmain[22m                 [2m | [22m[36m28.30 kB[39m[2m | [22m

[1mLazy chunk files[22m   [2m | [22m[1mNames[22m                [2m | [22m[1mRaw size[22m
[32mchunk-YZTF7N56.js[39m  [2m | [22m[2mnews-detail-component[22m[2m | [22m[36m69.18 kB[39m[2m | [22m

Application bundle generation complete. [1.045 seconds] - 2026-05-05T05:18:10.653Z

Component update sent to client(s).
[33m❯[39m Changes detected. Rebuilding...
[32m✔[39m Changes detected. Rebuilding...
[1mInitial chunk files[22m[2m | [22m[1mNames[22m                [2m | [22m[1mRaw size[22m
[32mmain.js[39m            [2m | [22m[2mmain[22m                 [2m | [22m[36m28.30 kB[39m[2m | [22m

[1mLazy chunk files[22m   [2m | [22m[1mNames[22m                [2m | [22m[1mRaw size[22m
[32mchunk-MXWKELJB.js[39m  [2m | [22m[2mnews-detail-component[22m[2m | [22m[36m70.03 kB[39m[2m | [22m

Application bundle generation complete. [0.577 seconds] - 2026-05-05T05:18:13.617Z

Component update sent to client(s).
[33m❯[39m Changes detected. Rebuilding...
[32m✔[39m Changes detected. Rebuilding...
[1mInitial chunk files[22m[2m | [22m[1mNames[22m                [2m | [22m[1mRaw size[22m
[32mmain.js[39m            [2m | [22m[2mmain[22m                 [2m | [22m[36m28.30 kB[39m[2m | [22m

[1mLazy chunk files[22m   [2m | [22m[1mNames[22m                [2m | [22m[1mRaw size[22m
[32mchunk-OVCWN65M.js[39m  [2m | [22m[2mnews-detail-component[22m[2m | [22m[36m70.33 kB[39m[2m | [22m

Application bundle generation complete. [0.744 seconds] - 2026-05-05T05:27:12.127Z

Page reload sent to client(s).
[33m❯[39m Changes detected. Rebuilding...
[32m✔[39m Changes detected. Rebuilding...
[1mInitial chunk files[22m[2m | [22m[1mNames[22m                [2m | [22m[1mRaw size[22m
[32mmain.js[39m            [2m | [22m[2mmain[22m                 [2m | [22m[36m28.30 kB[39m[2m | [22m

[1mLazy chunk files[22m   [2m | [22m[1mNames[22m                [2m | [22m[1mRaw size[22m
[32mchunk-JR7WAEQK.js[39m  [2m | [22m[2mnews-detail-component[22m[2m | [22m[36m72.35 kB[39m[2m | [22m

Application bundle generation complete. [0.765 seconds] - 2026-05-05T05:41:01.620Z

Component update sent to client(s).
[33m❯[39m Changes detected. Rebuilding...
[32m✔[39m Changes detected. Rebuilding...
[1mInitial chunk files[22m[2m | [22m[1mNames[22m                [2m | [22m[1mRaw size[22m
[32mmain.js[39m            [2m | [22m[2mmain[22m                 [2m | [22m[36m28.30 kB[39m[2m | [22m

[1mLazy chunk files[22m   [2m | [22m[1mNames[22m                [2m | [22m[1mRaw size[22m
[32mchunk-POG45TLI.js[39m  [2m | [22m[2mnews-detail-component[22m[2m | [22m[36m75.20 kB[39m[2m | [22m

Application bundle generation complete. [0.829 seconds] - 2026-05-05T05:41:07.685Z

Component update sent to client(s).
[33m❯[39m Changes detected. Rebuilding...
[32m✔[39m Changes detected. Rebuilding...
[1mInitial chunk files[22m[2m | [22m[1mNames[22m                [2m | [22m[1mRaw size[22m
[32mmain.js[39m            [2m | [22m[2mmain[22m                 [2m | [22m[36m28.30 kB[39m[2m | [22m

[1mLazy chunk files[22m   [2m | [22m[1mNames[22m                [2m | [22m[1mRaw size[22m
[32mchunk-H6GOWR4A.js[39m  [2m | [22m[2mnews-detail-component[22m[2m | [22m[36m76.14 kB[39m[2m | [22m

Application bundle generation complete. [1.136 seconds] - 2026-05-05T05:54:19.191Z

Page reload sent to client(s).
[33m❯[39m Changes detected. Rebuilding...
[32m✔[39m Changes detected. Rebuilding...
[1mInitial chunk files[22m[2m | [22m[1mNames[22m                [2m | [22m[1mRaw size[22m
[32mmain.js[39m            [2m | [22m[2mmain[22m                 [2m | [22m[36m28.30 kB[39m[2m | [22m

[1mLazy chunk files[22m   [2m | [22m[1mNames[22m                [2m | [22m[1mRaw size[22m
[32mchunk-FYCER5U7.js[39m  [2m | [22m[2mnews-detail-component[22m[2m | [22m[36m75.75 kB[39m[2m | [22m

Application bundle generation complete. [1.106 seconds] - 2026-05-05T05:54:26.726Z

Page reload sent to client(s).
[33m❯[39m Changes detected. Rebuilding...
[32m✔[39m Changes detected. Rebuilding...
[1mInitial chunk files[22m[2m | [22m[1mNames[22m                [2m | [22m[1mRaw size[22m
[32mmain.js[39m            [2m | [22m[2mmain[22m                 [2m | [22m[36m28.30 kB[39m[2m | [22m

[1mLazy chunk files[22m   [2m | [22m[1mNames[22m                [2m | [22m[1mRaw size[22m
[32mchunk-5ELBRSA3.js[39m  [2m | [22m[2mnews-detail-component[22m[2m | [22m[36m76.00 kB[39m[2m | [22m

Application bundle generation complete. [1.145 seconds] - 2026-05-05T05:54:30.028Z

Component update sent to client(s).
[33m❯[39m Changes detected. Rebuilding...
[32m✔[39m Changes detected. Rebuilding...
[1mInitial chunk files[22m[2m | [22m[1mNames[22m                [2m | [22m[1mRaw size[22m
[32mmain.js[39m            [2m | [22m[2mmain[22m                 [2m | [22m[36m28.30 kB[39m[2m | [22m

[1mLazy chunk files[22m   [2m | [22m[1mNames[22m                [2m | [22m[1mRaw size[22m
[32mchunk-CM5KV7QU.js[39m  [2m | [22m[2mnews-detail-component[22m[2m | [22m[36m76.06 kB[39m[2m | [22m

Application bundle generation complete. [0.854 seconds] - 2026-05-05T06:21:46.332Z

Component update sent to client(s).
[33m❯[39m Changes detected. Rebuilding...
[32m✔[39m Changes detected. Rebuilding...
[1mInitial chunk files[22m[2m | [22m[1mNames[22m                [2m | [22m[1mRaw size[22m
[32mmain.js[39m            [2m | [22m[2mmain[22m                 [2m | [22m[36m28.30 kB[39m[2m | [22m

[1mLazy chunk files[22m   [2m | [22m[1mNames[22m                [2m | [22m[1mRaw size[22m
[32mchunk-BOW6HPWH.js[39m  [2m | [22m[2mnews-detail-component[22m[2m | [22m[36m77.41 kB[39m[2m | [22m

Application bundle generation complete. [1.091 seconds] - 2026-05-05T06:22:11.926Z

Component update sent to client(s).
[33m❯[39m Changes detected. Rebuilding...
[32m✔[39m Changes detected. Rebuilding...
[1mInitial chunk files[22m[2m | [22m[1mNames[22m         [2m | [22m[1mRaw size[22m
[32mmain.js[39m            [2m | [22m[2mmain[22m          [2m | [22m[36m28.30 kB[39m[2m | [22m

[1mLazy chunk files[22m   [2m | [22m[1mNames[22m         [2m | [22m[1mRaw size[22m
[32mchunk-DICEJPXY.js[39m  [2m | [22m[2mhome-component[22m[2m | [22m[36m80.95 kB[39m[2m | [22m

Application bundle generation complete. [0.586 seconds] - 2026-05-05T06:31:35.295Z

Component update sent to client(s).
[33m❯[39m Changes detected. Rebuilding...
[32m✔[39m Changes detected. Rebuilding...
[1mInitial chunk files[22m[2m | [22m[1mNames[22m         [2m | [22m[1mRaw size[22m
[32mmain.js[39m            [2m | [22m[2mmain[22m          [2m | [22m[36m28.30 kB[39m[2m | [22m

[1mLazy chunk files[22m   [2m | [22m[1mNames[22m         [2m | [22m[1mRaw size[22m
[32mchunk-ZNLJAJAL.js[39m  [2m | [22m[2mhome-component[22m[2m | [22m[36m81.22 kB[39m[2m | [22m

Application bundle generation complete. [0.810 seconds] - 2026-05-05T06:31:40.666Z

Component update sent to client(s).
[33m❯[39m Changes detected. Rebuilding...
[32m✔[39m Changes detected. Rebuilding...
[1mInitial chunk files[22m[2m | [22m[1mNames[22m              [2m | [22m[1mRaw size[22m
[32mmain.js[39m            [2m | [22m[2mmain[22m               [2m | [22m[36m28.30 kB[39m[2m | [22m

[1mLazy chunk files[22m   [2m | [22m[1mNames[22m              [2m | [22m[1mRaw size[22m
[32mchunk-KZ6Z6PRK.js[39m  [2m | [22m[2mnews-list-component[22m[2m | [22m[36m24.30 kB[39m[2m | [22m
[32mchunk-SV4J2ZRN.js[39m  [2m | [22m[2mcategory-component[22m [2m | [22m[36m23.57 kB[39m[2m | [22m

Application bundle generation complete. [0.817 seconds] - 2026-05-05T06:31:48.214Z

Component update sent to client(s).
[33m❯[39m Changes detected. Rebuilding...
[32m✔[39m Changes detected. Rebuilding...
[1mInitial chunk files[22m[2m | [22m[1mNames[22m                [2m | [22m[1mRaw size[22m
[32mmain.js[39m            [2m | [22m[2mmain[22m                 [2m | [22m[36m28.30 kB[39m[2m | [22m

[1mLazy chunk files[22m   [2m | [22m[1mNames[22m                [2m | [22m[1mRaw size[22m
[32mchunk-6FLFCWKX.js[39m  [2m | [22m[2mnews-detail-component[22m[2m | [22m[36m78.81 kB[39m[2m | [22m

Application bundle generation complete. [0.641 seconds] - 2026-05-05T06:31:59.117Z

Component update sent to client(s).
[33m❯[39m Changes detected. Rebuilding...
[32m✔[39m Changes detected. Rebuilding...
[1mInitial chunk files[22m[2m | [22m[1mNames[22m                [2m | [22m[1mRaw size[22m
[32mmain.js[39m            [2m | [22m[2mmain[22m                 [2m | [22m[36m28.30 kB[39m[2m | [22m

[1mLazy chunk files[22m   [2m | [22m[1mNames[22m                [2m | [22m[1mRaw size[22m
[32mchunk-2JAPVPLN.js[39m  [2m | [22m[2mnews-detail-component[22m[2m | [22m[36m79.28 kB[39m[2m | [22m

Application bundle generation complete. [0.596 seconds] - 2026-05-05T06:36:38.475Z

Component update sent to client(s).
[33m❯[39m Changes detected. Rebuilding...
[32m✔[39m Changes detected. Rebuilding...
Application bundle generation failed. [1.076 seconds] - 2026-05-05T06:44:02.142Z

[33m❯[39m Changes detected. Rebuilding...
[32m✔[39m Changes detected. Rebuilding...
Application bundle generation failed. [0.493 seconds] - 2026-05-05T06:44:19.214Z

[33m❯[39m Changes detected. Rebuilding...
[32m✔[39m Changes detected. Rebuilding...
Application bundle generation failed. [0.655 seconds] - 2026-05-05T06:44:42.674Z

[33m❯[39m Changes detected. Rebuilding...
[32m✔[39m Changes detected. Rebuilding...
Application bundle generation failed. [0.004 seconds] - 2026-05-05T06:44:56.240Z

[33m❯[39m Changes detected. Rebuilding...
[32m✔[39m Changes detected. Rebuilding...
Application bundle generation failed. [0.003 seconds] - 2026-05-05T06:45:06.850Z

[33m❯[39m Changes detected. Rebuilding...
[32m✔[39m Changes detected. Rebuilding...
Application bundle generation failed. [0.162 seconds] - 2026-05-05T06:45:19.685Z

[33m❯[39m Changes detected. Rebuilding...
[32m✔[39m Changes detected. Rebuilding...
Application bundle generation failed. [0.002 seconds] - 2026-05-05T06:45:30.567Z

[33m❯[39m Changes detected. Rebuilding...
[32m✔[39m Changes detected. Rebuilding...
Application bundle generation failed. [1.035 seconds] - 2026-05-05T06:45:40.487Z

[33m❯[39m Changes detected. Rebuilding...
[32m✔[39m Changes detected. Rebuilding...
Application bundle generation failed. [1.083 seconds] - 2026-05-05T06:45:43.336Z

[33m❯[39m Changes detected. Rebuilding...
[32m✔[39m Changes detected. Rebuilding...
Application bundle generation failed. [1.070 seconds] - 2026-05-05T07:21:13.683Z

[33m❯[39m Changes detected. Rebuilding...
[32m✔[39m Changes detected. Rebuilding...
Application bundle generation failed. [1.253 seconds] - 2026-05-05T07:21:43.413Z

[33m❯[39m Changes detected. Rebuilding...
[32m✔[39m Changes detected. Rebuilding...
Application bundle generation failed. [0.001 seconds] - 2026-05-05T07:22:03.464Z

[33m❯[39m Changes detected. Rebuilding...
[32m✔[39m Changes detected. Rebuilding...
Application bundle generation failed. [0.003 seconds] - 2026-05-05T07:22:08.476Z

[33m❯[39m Changes detected. Rebuilding...
[32m✔[39m Changes detected. Rebuilding...
Application bundle generation failed. [0.619 seconds] - 2026-05-05T07:22:40.357Z

[33m❯[39m Changes detected. Rebuilding...
[32m✔[39m Changes detected. Rebuilding...
Application bundle generation failed. [0.796 seconds] - 2026-05-05T07:22:48.158Z

[33m❯[39m Changes detected. Rebuilding...
[32m✔[39m Changes detected. Rebuilding...
Application bundle generation failed. [4.218 seconds] - 2026-05-05T07:23:05.810Z

[33m❯[39m Changes detected. Rebuilding...
[32m✔[39m Changes detected. Rebuilding...
Application bundle generation failed. [2.082 seconds] - 2026-05-05T07:23:08.538Z

[33m❯[39m Changes detected. Rebuilding...
[32m✔[39m Changes detected. Rebuilding...
Application bundle generation failed. [0.004 seconds] - 2026-05-05T07:23:56.417Z

[33m❯[39m Changes detected. Rebuilding...
[32m✔[39m Changes detected. Rebuilding...
Application bundle generation failed. [2.384 seconds] - 2026-05-05T08:56:04.653Z

[33m❯[39m Changes detected. Rebuilding...
[32m✔[39m Changes detected. Rebuilding...
Application bundle generation failed. [0.615 seconds] - 2026-05-05T08:57:25.820Z

[33m❯[39m Changes detected. Rebuilding...
[32m✔[39m Changes detected. Rebuilding...
Application bundle generation failed. [0.660 seconds] - 2026-05-05T08:59:47.795Z

[33m❯[39m Changes detected. Rebuilding...
[32m✔[39m Changes detected. Rebuilding...
Application bundle generation failed. [1.004 seconds] - 2026-05-05T09:09:54.336Z

[33m❯[39m Changes detected. Rebuilding...
[32m✔[39m Changes detected. Rebuilding...
Application bundle generation failed. [0.923 seconds] - 2026-05-05T09:13:53.479Z

[33m❯[39m Changes detected. Rebuilding...
[32m✔[39m Changes detected. Rebuilding...
Application bundle generation failed. [0.966 seconds] - 2026-05-05T09:14:01.945Z

[33m❯[39m Changes detected. Rebuilding...
[32m✔[39m Changes detected. Rebuilding...
Application bundle generation failed. [0.521 seconds] - 2026-05-05T09:14:06.772Z

[33m❯[39m Changes detected. Rebuilding...
[32m✔[39m Changes detected. Rebuilding...
Application bundle generation failed. [0.582 seconds] - 2026-05-05T09:25:05.299Z

[33m❯[39m Changes detected. Rebuilding...
[32m✔[39m Changes detected. Rebuilding...
Application bundle generation failed. [1.297 seconds] - 2026-05-05T09:25:12.296Z

[33m❯[39m Changes detected. Rebuilding...
[32m✔[39m Changes detected. Rebuilding...
Application bundle generation failed. [1.158 seconds] - 2026-05-05T09:25:23.789Z

